-- MySQL dump 10.13  Distrib 5.7.24, for Linux (x86_64)
--
-- Host: localhost    Database: Pikachu
-- ------------------------------------------------------
-- Server version	5.7.24-0ubuntu0.18.04.1

/*!40101 SET @OLD_CHARACTER_SET_CLIENT=@@CHARACTER_SET_CLIENT */;
/*!40101 SET @OLD_CHARACTER_SET_RESULTS=@@CHARACTER_SET_RESULTS */;
/*!40101 SET @OLD_COLLATION_CONNECTION=@@COLLATION_CONNECTION */;
/*!40101 SET NAMES utf8 */;
/*!40103 SET @OLD_TIME_ZONE=@@TIME_ZONE */;
/*!40103 SET TIME_ZONE='+00:00' */;
/*!40014 SET @OLD_UNIQUE_CHECKS=@@UNIQUE_CHECKS, UNIQUE_CHECKS=0 */;
/*!40014 SET @OLD_FOREIGN_KEY_CHECKS=@@FOREIGN_KEY_CHECKS, FOREIGN_KEY_CHECKS=0 */;
/*!40101 SET @OLD_SQL_MODE=@@SQL_MODE, SQL_MODE='NO_AUTO_VALUE_ON_ZERO' */;
/*!40111 SET @OLD_SQL_NOTES=@@SQL_NOTES, SQL_NOTES=0 */;

--
-- Table structure for table `achieve_lists`
--

DROP TABLE IF EXISTS `achieve_lists`;
/*!40101 SET @saved_cs_client     = @@character_set_client */;
/*!40101 SET character_set_client = utf8 */;
CREATE TABLE `achieve_lists` (
  `id` int(10) unsigned NOT NULL AUTO_INCREMENT,
  `game_id` int(11) NOT NULL,
  `name` varchar(255) COLLATE utf8mb4_unicode_ci NOT NULL,
  PRIMARY KEY (`id`)
) ENGINE=InnoDB AUTO_INCREMENT=43 DEFAULT CHARSET=utf8mb4 COLLATE=utf8mb4_unicode_ci;
/*!40101 SET character_set_client = @saved_cs_client */;

--
-- Dumping data for table `achieve_lists`
--

LOCK TABLES `achieve_lists` WRITE;
/*!40000 ALTER TABLE `achieve_lists` DISABLE KEYS */;
INSERT INTO `achieve_lists` VALUES (1,1,'試水溫'),(2,1,'新手'),(3,1,'駕輕就熟'),(4,1,'老手'),(5,1,'遊戲成癮者'),(6,2,'新手入門'),(7,2,'漸入佳境'),(8,2,'老鳥風範'),(9,2,'隱士高人'),(10,3,'初次探險'),(11,3,'逐漸麻痺'),(12,3,'天不怕地不怕'),(13,4,'snail'),(14,4,'turtle'),(15,4,'hermit_crab'),(16,4,'seal'),(17,4,'peacock'),(18,4,'cat_from_bag'),(19,4,'squirrel'),(20,4,'little_bird'),(21,4,'close_to_bird'),(22,1,'試水溫'),(23,1,'新手'),(24,1,'駕輕就熟'),(25,1,'老手'),(26,1,'遊戲成癮者'),(27,2,'新手入門'),(28,2,'漸入佳境'),(29,2,'老鳥風範'),(30,2,'隱士高人'),(31,3,'初次探險'),(32,3,'逐漸麻痺'),(33,3,'天不怕地不怕'),(34,4,'snail'),(35,4,'turtle'),(36,4,'hermit_crab'),(37,4,'seal'),(38,4,'peacock'),(39,4,'cat_from_bag'),(40,4,'squirrel'),(41,4,'little_bird'),(42,4,'close_to_bird');
/*!40000 ALTER TABLE `achieve_lists` ENABLE KEYS */;
UNLOCK TABLES;

--
-- Table structure for table `achievements`
--

DROP TABLE IF EXISTS `achievements`;
/*!40101 SET @saved_cs_client     = @@character_set_client */;
/*!40101 SET character_set_client = utf8 */;
CREATE TABLE `achievements` (
  `id` int(10) unsigned NOT NULL AUTO_INCREMENT,
  `user_id` int(11) NOT NULL,
  `achieve_id` int(11) NOT NULL,
  `created_at` timestamp NULL DEFAULT NULL,
  `updated_at` timestamp NULL DEFAULT NULL,
  PRIMARY KEY (`id`)
) ENGINE=InnoDB AUTO_INCREMENT=151 DEFAULT CHARSET=utf8mb4 COLLATE=utf8mb4_unicode_ci;
/*!40101 SET character_set_client = @saved_cs_client */;

--
-- Dumping data for table `achievements`
--

LOCK TABLES `achievements` WRITE;
/*!40000 ALTER TABLE `achievements` DISABLE KEYS */;
INSERT INTO `achievements` VALUES (1,1,1,'2018-12-18 19:53:37','2018-12-18 19:53:37'),(2,1,17,'2018-12-18 19:55:24','2018-12-18 19:55:24'),(3,2,1,'2018-12-18 19:59:31','2018-12-18 19:59:31'),(4,2,14,'2018-12-18 19:59:31','2018-12-18 19:59:31'),(5,1,17,'2018-12-18 20:16:38','2018-12-18 20:16:38'),(6,1,15,'2018-12-18 20:26:19','2018-12-18 20:26:19'),(7,1,21,'2018-12-18 20:30:30','2018-12-18 20:30:30'),(8,1,2,'2018-12-18 20:33:19','2018-12-18 20:33:19'),(9,1,19,'2018-12-18 20:33:31','2018-12-18 20:33:31'),(10,1,17,'2018-12-18 20:38:31','2018-12-18 20:38:31'),(11,1,20,'2018-12-18 20:48:00','2018-12-18 20:48:00'),(12,1,17,'2018-12-18 21:01:46','2018-12-18 21:01:46'),(13,1,10,'2018-12-18 22:33:32','2018-12-18 22:33:32'),(14,2,2,'2018-12-19 00:56:16','2018-12-19 00:56:16'),(15,13,1,'2018-12-19 03:20:19','2018-12-19 03:20:19'),(16,15,1,'2018-12-19 03:23:19','2018-12-19 03:23:19'),(17,17,1,'2018-12-19 03:26:33','2018-12-19 03:26:33'),(18,17,17,'2018-12-19 03:26:39','2018-12-19 03:26:39'),(19,17,17,'2018-12-19 03:27:03','2018-12-19 03:27:03'),(20,17,17,'2018-12-19 03:27:24','2018-12-19 03:27:24'),(21,3,1,'2018-12-19 03:28:04','2018-12-19 03:28:04'),(22,1,21,'2018-12-19 03:56:31','2018-12-19 03:56:31'),(23,3,10,'2018-12-19 03:57:23','2018-12-19 03:57:23'),(24,3,2,'2018-12-19 05:30:55','2018-12-19 05:30:55'),(25,3,10,'2018-12-19 05:32:06','2018-12-19 05:32:06'),(26,3,10,'2018-12-19 06:13:30','2018-12-19 06:13:30'),(27,3,10,'2018-12-19 06:16:23','2018-12-19 06:16:23'),(28,3,10,'2018-12-19 09:12:35','2018-12-19 09:12:35'),(29,3,10,'2018-12-19 09:16:42','2018-12-19 09:16:42'),(30,3,10,'2018-12-19 09:17:45','2018-12-19 09:17:45'),(31,3,11,'2018-12-19 09:24:35','2018-12-19 09:24:35'),(32,18,1,'2018-12-19 10:41:53','2018-12-19 10:41:53'),(33,18,17,'2018-12-19 11:30:17','2018-12-19 11:30:17'),(34,18,17,'2018-12-19 11:33:37','2018-12-19 11:33:37'),(35,18,12,'2018-12-19 11:49:35','2018-12-19 11:49:35'),(36,1,17,'2018-12-19 13:36:29','2018-12-19 13:36:29'),(37,3,3,'2018-12-19 15:00:22','2018-12-19 15:00:22'),(38,1,17,'2018-12-19 15:03:29','2018-12-19 15:03:29'),(39,19,1,'2018-12-19 16:03:01','2018-12-19 16:03:01'),(40,1,17,'2018-12-19 17:27:35','2018-12-19 17:27:35'),(41,1,17,'2018-12-19 17:27:50','2018-12-19 17:27:50'),(42,1,20,'2018-12-19 17:28:12','2018-12-19 17:28:12'),(43,20,1,'2018-12-19 17:48:49','2018-12-19 17:48:49'),(44,21,1,'2018-12-19 18:22:03','2018-12-19 18:22:03'),(45,21,14,'2018-12-19 18:22:04','2018-12-19 18:22:04'),(46,4,1,'2018-12-19 20:52:00','2018-12-19 20:52:00'),(47,24,1,'2018-12-19 23:01:08','2018-12-19 23:01:08'),(48,24,14,'2018-12-19 23:01:09','2018-12-19 23:01:09'),(49,26,1,'2018-12-19 23:17:08','2018-12-19 23:17:08'),(50,28,1,'2018-12-19 23:52:51','2018-12-19 23:52:51'),(51,28,14,'2018-12-19 23:52:52','2018-12-19 23:52:52'),(52,29,1,'2018-12-20 00:28:15','2018-12-20 00:28:15'),(53,29,14,'2018-12-20 00:28:16','2018-12-20 00:28:16'),(54,29,14,'2018-12-20 00:39:12','2018-12-20 00:39:12'),(55,29,14,'2018-12-20 00:52:47','2018-12-20 00:52:47'),(56,29,14,'2018-12-20 00:54:12','2018-12-20 00:54:12'),(57,31,1,'2018-12-20 01:12:33','2018-12-20 01:12:33'),(58,31,17,'2018-12-20 01:12:39','2018-12-20 01:12:39'),(59,31,17,'2018-12-20 01:14:42','2018-12-20 01:14:42'),(60,31,17,'2018-12-20 01:14:52','2018-12-20 01:14:52'),(61,31,17,'2018-12-20 01:15:06','2018-12-20 01:15:06'),(62,31,17,'2018-12-20 01:20:13','2018-12-20 01:20:13'),(63,31,17,'2018-12-20 01:20:27','2018-12-20 01:20:27'),(64,31,17,'2018-12-20 01:20:45','2018-12-20 01:20:45'),(65,31,17,'2018-12-20 01:21:11','2018-12-20 01:21:11'),(66,29,14,'2018-12-20 01:21:36','2018-12-20 01:21:36'),(67,31,17,'2018-12-20 01:21:45','2018-12-20 01:21:45'),(68,31,2,'2018-12-20 01:21:52','2018-12-20 01:21:52'),(69,31,17,'2018-12-20 01:21:58','2018-12-20 01:21:58'),(70,31,18,'2018-12-20 01:22:21','2018-12-20 01:22:21'),(71,31,17,'2018-12-20 01:23:13','2018-12-20 01:23:13'),(72,31,17,'2018-12-20 01:23:26','2018-12-20 01:23:26'),(73,31,21,'2018-12-20 01:23:57','2018-12-20 01:23:57'),(74,31,17,'2018-12-20 01:32:49','2018-12-20 01:32:49'),(75,31,18,'2018-12-20 01:33:03','2018-12-20 01:33:03'),(76,31,20,'2018-12-20 01:33:26','2018-12-20 01:33:26'),(77,31,17,'2018-12-20 01:34:19','2018-12-20 01:34:19'),(78,31,21,'2018-12-20 01:34:50','2018-12-20 01:34:50'),(79,31,20,'2018-12-20 01:35:15','2018-12-20 01:35:15'),(80,31,21,'2018-12-20 01:35:39','2018-12-20 01:35:39'),(81,3,10,'2018-12-20 01:38:44','2018-12-20 01:38:44'),(82,3,12,'2018-12-20 01:42:20','2018-12-20 01:42:20'),(83,29,14,'2018-12-20 02:04:40','2018-12-20 02:04:40'),(84,29,14,'2018-12-20 02:08:47','2018-12-20 02:08:47'),(85,3,10,'2018-12-20 02:21:06','2018-12-20 02:21:06'),(86,32,1,'2018-12-20 02:42:05','2018-12-20 02:42:05'),(87,32,17,'2018-12-20 02:42:12','2018-12-20 02:42:12'),(88,32,18,'2018-12-20 02:42:26','2018-12-20 02:42:26'),(89,32,17,'2018-12-20 02:42:37','2018-12-20 02:42:37'),(90,32,20,'2018-12-20 02:42:59','2018-12-20 02:42:59'),(91,32,17,'2018-12-20 02:43:10','2018-12-20 02:43:10'),(92,32,17,'2018-12-20 02:43:21','2018-12-20 02:43:21'),(93,32,18,'2018-12-20 02:43:34','2018-12-20 02:43:34'),(94,32,17,'2018-12-20 02:43:48','2018-12-20 02:43:48'),(95,11,1,'2018-12-20 02:49:21','2018-12-20 02:49:21'),(96,11,17,'2018-12-20 02:49:28','2018-12-20 02:49:28'),(97,11,19,'2018-12-20 02:49:47','2018-12-20 02:49:47'),(98,16,1,'2018-12-20 02:51:58','2018-12-20 02:51:58'),(99,16,17,'2018-12-20 02:52:05','2018-12-20 02:52:05'),(100,16,17,'2018-12-20 02:52:17','2018-12-20 02:52:17'),(101,16,19,'2018-12-20 02:52:33','2018-12-20 02:52:33'),(102,16,17,'2018-12-20 02:55:02','2018-12-20 02:55:02'),(103,16,19,'2018-12-20 02:55:18','2018-12-20 02:55:18'),(104,1,10,'2018-12-20 03:07:40','2018-12-20 03:07:40'),(105,29,14,'2018-12-20 04:41:08','2018-12-20 04:41:08'),(106,29,2,'2018-12-20 04:42:49','2018-12-20 04:42:49'),(107,29,14,'2018-12-20 04:42:51','2018-12-20 04:42:51'),(108,1,10,'2018-12-20 06:19:44','2018-12-20 06:19:44'),(109,1,17,'2018-12-20 06:35:57','2018-12-20 06:35:57'),(110,6,1,'2018-12-20 06:42:06','2018-12-20 06:42:06'),(111,6,14,'2018-12-20 06:42:07','2018-12-20 06:42:07'),(112,1,14,'2018-12-20 06:46:31','2018-12-20 06:46:31'),(113,19,14,'2018-12-20 06:49:32','2018-12-20 06:49:32'),(114,10,1,'2018-12-20 06:51:47','2018-12-20 06:51:47'),(115,10,17,'2018-12-20 06:51:54','2018-12-20 06:51:54'),(116,33,1,'2018-12-20 06:52:13','2018-12-20 06:52:13'),(117,10,17,'2018-12-20 06:52:14','2018-12-20 06:52:14'),(118,33,14,'2018-12-20 06:52:14','2018-12-20 06:52:14'),(119,33,14,'2018-12-20 06:54:59','2018-12-20 06:54:59'),(120,34,1,'2018-12-20 07:18:34','2018-12-20 07:18:34'),(121,33,14,'2018-12-20 08:24:27','2018-12-20 08:24:27'),(122,37,1,'2018-12-20 09:43:12','2018-12-20 09:43:12'),(123,37,22,'2018-12-20 09:43:34','2018-12-20 09:43:34'),(124,37,22,'2018-12-20 09:46:02','2018-12-20 09:46:02'),(125,33,14,'2018-12-20 09:54:05','2018-12-20 09:54:05'),(126,38,1,'2018-12-20 10:01:29','2018-12-20 10:01:29'),(127,38,14,'2018-12-20 10:01:30','2018-12-20 10:01:30'),(128,1,17,'2018-12-20 10:05:36','2018-12-20 10:05:36'),(129,1,3,'2018-12-20 10:05:41','2018-12-20 10:05:41'),(130,1,17,'2018-12-20 10:05:48','2018-12-20 10:05:48'),(131,1,17,'2018-12-20 10:05:57','2018-12-20 10:05:57'),(132,1,17,'2018-12-20 10:07:44','2018-12-20 10:07:44'),(133,1,19,'2018-12-20 10:08:00','2018-12-20 10:08:00'),(134,1,20,'2018-12-20 10:08:20','2018-12-20 10:08:20'),(135,1,17,'2018-12-20 10:08:35','2018-12-20 10:08:35'),(136,1,21,'2018-12-20 10:09:16','2018-12-20 10:09:16'),(137,1,17,'2018-12-20 10:09:49','2018-12-20 10:09:49'),(138,1,21,'2018-12-20 10:10:06','2018-12-20 10:10:06'),(139,1,21,'2018-12-20 10:25:07','2018-12-20 10:25:07'),(140,1,17,'2018-12-24 03:41:42','2018-12-24 03:41:42'),(141,1,17,'2018-12-24 03:41:55','2018-12-24 03:41:55'),(142,1,17,'2018-12-24 03:44:48','2018-12-24 03:44:48'),(143,1,17,'2018-12-24 03:45:12','2018-12-24 03:45:12'),(144,1,17,'2018-12-24 08:49:47','2018-12-24 08:49:47'),(145,1,17,'2018-12-24 08:54:13','2018-12-24 08:54:13'),(146,1,17,'2018-12-24 08:54:26','2018-12-24 08:54:26'),(147,1,17,'2018-12-24 09:00:45','2018-12-24 09:00:45'),(148,1,17,'2018-12-24 09:00:48','2018-12-24 09:00:48'),(149,1,17,'2018-12-24 09:00:50','2018-12-24 09:00:50'),(150,1,17,'2018-12-24 09:01:07','2018-12-24 09:01:07');
/*!40000 ALTER TABLE `achievements` ENABLE KEYS */;
UNLOCK TABLES;

--
-- Table structure for table `games`
--

DROP TABLE IF EXISTS `games`;
/*!40101 SET @saved_cs_client     = @@character_set_client */;
/*!40101 SET character_set_client = utf8 */;
CREATE TABLE `games` (
  `id` int(10) unsigned NOT NULL AUTO_INCREMENT,
  `name` varchar(255) COLLATE utf8mb4_unicode_ci NOT NULL,
  PRIMARY KEY (`id`)
) ENGINE=InnoDB AUTO_INCREMENT=6 DEFAULT CHARSET=utf8mb4 COLLATE=utf8mb4_unicode_ci;
/*!40101 SET character_set_client = @saved_cs_client */;

--
-- Dumping data for table `games`
--

LOCK TABLES `games` WRITE;
/*!40000 ALTER TABLE `games` DISABLE KEYS */;
INSERT INTO `games` VALUES (1,'Common'),(2,'Puzzle'),(3,'Light On'),(4,'Keep Sharking'),(5,'Transaction');
/*!40000 ALTER TABLE `games` ENABLE KEYS */;
UNLOCK TABLES;

--
-- Table structure for table `migrations`
--

DROP TABLE IF EXISTS `migrations`;
/*!40101 SET @saved_cs_client     = @@character_set_client */;
/*!40101 SET character_set_client = utf8 */;
CREATE TABLE `migrations` (
  `id` int(10) unsigned NOT NULL AUTO_INCREMENT,
  `migration` varchar(255) COLLATE utf8mb4_unicode_ci NOT NULL,
  `batch` int(11) NOT NULL,
  PRIMARY KEY (`id`)
) ENGINE=InnoDB AUTO_INCREMENT=148 DEFAULT CHARSET=utf8mb4 COLLATE=utf8mb4_unicode_ci;
/*!40101 SET character_set_client = @saved_cs_client */;

--
-- Dumping data for table `migrations`
--

LOCK TABLES `migrations` WRITE;
/*!40000 ALTER TABLE `migrations` DISABLE KEYS */;
INSERT INTO `migrations` VALUES (128,'2014_10_12_000000_create_users_table',1),(129,'2014_10_12_100000_create_password_resets_table',1),(130,'2018_12_17_130511_create_orders_table',1),(132,'2018_12_18_175915_create_games_table',1),(133,'2018_12_18_180128_create_achieve_lists_table',1),(134,'2018_12_18_190755_create_achievements_table',1),(135,'2018_12_18_191408_create_plays_table',1),(136,'2018_12_19_020200_create_transactions_table',1),(137,'2018_12_18_161348_add_coin',2),(143,'2018_12_19_110116_create_shop_lists_table',3),(144,'2018_12_19_111147_create_shops_table',3),(145,'2018_12_20_021824_add_description_column',4),(147,'2018_12_20_081136_add_user_id_column',5);
/*!40000 ALTER TABLE `migrations` ENABLE KEYS */;
UNLOCK TABLES;

--
-- Table structure for table `orders`
--

DROP TABLE IF EXISTS `orders`;
/*!40101 SET @saved_cs_client     = @@character_set_client */;
/*!40101 SET character_set_client = utf8 */;
CREATE TABLE `orders` (
  `id` int(10) unsigned NOT NULL AUTO_INCREMENT,
  `user_id` int(11) NOT NULL,
  `tradeNo` varchar(255) COLLATE utf8mb4_unicode_ci NOT NULL,
  `tradeDate` varchar(255) COLLATE utf8mb4_unicode_ci NOT NULL,
  `price` int(11) NOT NULL,
  `isPay` tinyint(1) DEFAULT '0',
  `created_at` timestamp NULL DEFAULT NULL,
  `updated_at` timestamp NULL DEFAULT NULL,
  PRIMARY KEY (`id`)
) ENGINE=InnoDB AUTO_INCREMENT=10 DEFAULT CHARSET=utf8mb4 COLLATE=utf8mb4_unicode_ci;
/*!40101 SET character_set_client = @saved_cs_client */;

--
-- Dumping data for table `orders`
--

LOCK TABLES `orders` WRITE;
/*!40000 ALTER TABLE `orders` DISABLE KEYS */;
INSERT INTO `orders` VALUES (1,1,'Test1545162752','2018/12/19 03:52:32',100,1,'2018-12-18 19:52:37','2018-12-18 19:53:15'),(2,1,'Test1545162825','2018/12/19 03:53:45',100,1,'2018-12-18 19:53:48','2018-12-18 19:54:08'),(3,2,'Test1545163036','2018/12/19 03:57:16',9999,1,'2018-12-18 19:57:28','2018-12-18 19:59:08'),(4,1,'Test1545181652','2018/12/19 09:07:32',10000,1,'2018-12-19 01:07:38','2018-12-19 01:08:36'),(5,1,'Test1545250008','2018/12/20 04:06:48',9999,0,'2018-12-19 20:06:54','2018-12-19 20:06:54'),(6,1,'Test1545250447','2018/12/20 04:14:07',11111,0,'2018-12-19 20:14:11','2018-12-19 20:14:11'),(7,1,'Test1545250722','2018/12/20 04:18:42',777,1,'2018-12-19 20:18:45','2018-12-19 20:19:16'),(8,1,'Test1545284500','2018/12/20 13:41:40',1111,1,'2018-12-20 05:41:50','2018-12-20 05:43:20'),(9,1,'Test1545714531','2018/12/25 13:08:51',111,0,'2018-12-25 05:08:55','2018-12-25 05:08:55');
/*!40000 ALTER TABLE `orders` ENABLE KEYS */;
UNLOCK TABLES;

--
-- Table structure for table `password_resets`
--

DROP TABLE IF EXISTS `password_resets`;
/*!40101 SET @saved_cs_client     = @@character_set_client */;
/*!40101 SET character_set_client = utf8 */;
CREATE TABLE `password_resets` (
  `email` varchar(255) COLLATE utf8mb4_unicode_ci NOT NULL,
  `token` varchar(255) COLLATE utf8mb4_unicode_ci NOT NULL,
  `created_at` timestamp NULL DEFAULT NULL,
  KEY `password_resets_email_index` (`email`)
) ENGINE=InnoDB DEFAULT CHARSET=utf8mb4 COLLATE=utf8mb4_unicode_ci;
/*!40101 SET character_set_client = @saved_cs_client */;

--
-- Dumping data for table `password_resets`
--

LOCK TABLES `password_resets` WRITE;
/*!40000 ALTER TABLE `password_resets` DISABLE KEYS */;
/*!40000 ALTER TABLE `password_resets` ENABLE KEYS */;
UNLOCK TABLES;

--
-- Table structure for table `plays`
--

DROP TABLE IF EXISTS `plays`;
/*!40101 SET @saved_cs_client     = @@character_set_client */;
/*!40101 SET character_set_client = utf8 */;
CREATE TABLE `plays` (
  `id` int(10) unsigned NOT NULL AUTO_INCREMENT,
  `user_id` int(11) NOT NULL,
  `game_id` int(11) NOT NULL,
  `created_at` timestamp NULL DEFAULT NULL,
  `updated_at` timestamp NULL DEFAULT NULL,
  PRIMARY KEY (`id`)
) ENGINE=InnoDB AUTO_INCREMENT=263 DEFAULT CHARSET=utf8mb4 COLLATE=utf8mb4_unicode_ci;
/*!40101 SET character_set_client = @saved_cs_client */;

--
-- Dumping data for table `plays`
--

LOCK TABLES `plays` WRITE;
/*!40000 ALTER TABLE `plays` DISABLE KEYS */;
INSERT INTO `plays` VALUES (1,1,2,'2018-12-18 19:53:37','2018-12-18 19:53:37'),(2,1,2,'2018-12-18 19:59:09','2018-12-18 19:59:09'),(3,1,2,'2018-12-18 19:59:13','2018-12-18 19:59:13'),(4,1,2,'2018-12-18 19:59:13','2018-12-18 19:59:13'),(5,1,2,'2018-12-18 19:59:14','2018-12-18 19:59:14'),(6,2,3,'2018-12-18 19:59:31','2018-12-18 19:59:31'),(7,2,3,'2018-12-18 20:01:55','2018-12-18 20:01:55'),(8,2,3,'2018-12-18 20:02:44','2018-12-18 20:02:44'),(9,2,3,'2018-12-18 20:04:21','2018-12-18 20:04:21'),(10,2,3,'2018-12-18 20:08:09','2018-12-18 20:08:09'),(11,2,3,'2018-12-18 20:09:20','2018-12-18 20:09:20'),(12,2,3,'2018-12-18 20:10:02','2018-12-18 20:10:02'),(13,2,3,'2018-12-18 20:14:19','2018-12-18 20:14:19'),(14,2,3,'2018-12-18 20:14:53','2018-12-18 20:14:53'),(15,1,4,'2018-12-18 20:16:31','2018-12-18 20:16:31'),(16,1,2,'2018-12-18 20:25:55','2018-12-18 20:25:55'),(17,1,3,'2018-12-18 20:26:19','2018-12-18 20:26:19'),(18,1,4,'2018-12-18 20:30:12','2018-12-18 20:30:12'),(19,1,4,'2018-12-18 20:33:19','2018-12-18 20:33:19'),(20,1,4,'2018-12-18 20:38:25','2018-12-18 20:38:25'),(21,1,4,'2018-12-18 20:47:45','2018-12-18 20:47:45'),(22,1,4,'2018-12-18 21:01:40','2018-12-18 21:01:40'),(23,1,3,'2018-12-18 22:28:45','2018-12-18 22:28:45'),(24,1,3,'2018-12-18 22:29:33','2018-12-18 22:29:33'),(25,1,2,'2018-12-18 22:33:00','2018-12-18 22:33:00'),(26,1,2,'2018-12-18 22:36:34','2018-12-18 22:36:34'),(27,1,2,'2018-12-18 22:38:44','2018-12-18 22:38:44'),(28,1,3,'2018-12-18 23:49:44','2018-12-18 23:49:44'),(29,1,3,'2018-12-19 00:54:37','2018-12-19 00:54:37'),(30,2,3,'2018-12-19 00:56:16','2018-12-19 00:56:16'),(31,13,2,'2018-12-19 03:20:19','2018-12-19 03:20:19'),(32,13,2,'2018-12-19 03:20:55','2018-12-19 03:20:55'),(33,15,3,'2018-12-19 03:23:19','2018-12-19 03:23:19'),(34,13,2,'2018-12-19 03:24:32','2018-12-19 03:24:32'),(35,17,4,'2018-12-19 03:26:33','2018-12-19 03:26:33'),(36,17,4,'2018-12-19 03:26:57','2018-12-19 03:26:57'),(37,17,4,'2018-12-19 03:27:17','2018-12-19 03:27:17'),(38,3,2,'2018-12-19 03:28:04','2018-12-19 03:28:04'),(39,3,2,'2018-12-19 03:30:38','2018-12-19 03:30:38'),(40,3,2,'2018-12-19 03:32:45','2018-12-19 03:32:45'),(41,1,4,'2018-12-19 03:56:25','2018-12-19 03:56:25'),(42,3,2,'2018-12-19 03:56:52','2018-12-19 03:56:52'),(43,1,3,'2018-12-19 03:57:19','2018-12-19 03:57:19'),(44,1,3,'2018-12-19 03:58:28','2018-12-19 03:58:28'),(45,1,3,'2018-12-19 03:58:49','2018-12-19 03:58:49'),(46,3,2,'2018-12-19 04:05:23','2018-12-19 04:05:23'),(47,3,2,'2018-12-19 04:35:21','2018-12-19 04:35:21'),(48,3,2,'2018-12-19 04:41:49','2018-12-19 04:41:49'),(49,3,2,'2018-12-19 04:46:12','2018-12-19 04:46:12'),(50,3,2,'2018-12-19 05:30:48','2018-12-19 05:30:48'),(51,3,2,'2018-12-19 05:30:55','2018-12-19 05:30:55'),(52,3,2,'2018-12-19 05:31:04','2018-12-19 05:31:04'),(53,3,2,'2018-12-19 05:31:12','2018-12-19 05:31:12'),(54,3,2,'2018-12-19 05:31:27','2018-12-19 05:31:27'),(55,3,2,'2018-12-19 05:31:35','2018-12-19 05:31:35'),(56,3,2,'2018-12-19 05:32:12','2018-12-19 05:32:12'),(57,3,2,'2018-12-19 05:35:45','2018-12-19 05:35:45'),(58,3,2,'2018-12-19 06:07:52','2018-12-19 06:07:52'),(59,3,2,'2018-12-19 06:10:24','2018-12-19 06:10:24'),(60,3,2,'2018-12-19 06:11:43','2018-12-19 06:11:43'),(61,3,2,'2018-12-19 06:12:59','2018-12-19 06:12:59'),(62,3,2,'2018-12-19 06:15:51','2018-12-19 06:15:51'),(63,3,2,'2018-12-19 06:16:25','2018-12-19 06:16:25'),(64,3,2,'2018-12-19 06:17:11','2018-12-19 06:17:11'),(65,3,2,'2018-12-19 06:19:47','2018-12-19 06:19:47'),(66,3,2,'2018-12-19 06:21:33','2018-12-19 06:21:33'),(67,3,2,'2018-12-19 06:26:01','2018-12-19 06:26:01'),(68,3,2,'2018-12-19 06:26:36','2018-12-19 06:26:36'),(69,3,2,'2018-12-19 06:27:05','2018-12-19 06:27:05'),(70,3,2,'2018-12-19 06:27:21','2018-12-19 06:27:21'),(71,3,2,'2018-12-19 06:27:36','2018-12-19 06:27:36'),(72,3,2,'2018-12-19 06:33:57','2018-12-19 06:33:57'),(73,3,2,'2018-12-19 06:35:51','2018-12-19 06:35:51'),(74,3,2,'2018-12-19 06:35:53','2018-12-19 06:35:53'),(75,3,2,'2018-12-19 06:39:21','2018-12-19 06:39:21'),(76,3,2,'2018-12-19 06:39:24','2018-12-19 06:39:24'),(77,3,2,'2018-12-19 06:39:30','2018-12-19 06:39:30'),(78,3,2,'2018-12-19 06:39:35','2018-12-19 06:39:35'),(79,3,2,'2018-12-19 07:56:41','2018-12-19 07:56:41'),(80,3,2,'2018-12-19 08:01:23','2018-12-19 08:01:23'),(81,3,2,'2018-12-19 09:05:29','2018-12-19 09:05:29'),(82,3,2,'2018-12-19 09:11:59','2018-12-19 09:11:59'),(83,3,2,'2018-12-19 09:16:06','2018-12-19 09:16:06'),(84,3,2,'2018-12-19 09:17:13','2018-12-19 09:17:13'),(85,3,2,'2018-12-19 09:24:01','2018-12-19 09:24:01'),(86,3,2,'2018-12-19 09:28:52','2018-12-19 09:28:52'),(87,18,2,'2018-12-19 10:41:53','2018-12-19 10:41:53'),(88,18,2,'2018-12-19 10:48:12','2018-12-19 10:48:12'),(89,1,3,'2018-12-19 10:54:25','2018-12-19 10:54:25'),(90,1,3,'2018-12-19 10:55:27','2018-12-19 10:55:27'),(91,18,2,'2018-12-19 11:14:50','2018-12-19 11:14:50'),(92,18,2,'2018-12-19 11:42:04','2018-12-19 11:42:04'),(93,1,4,'2018-12-19 13:36:23','2018-12-19 13:36:23'),(94,1,3,'2018-12-19 13:39:25','2018-12-19 13:39:25'),(95,1,3,'2018-12-19 14:13:44','2018-12-19 14:13:44'),(96,1,3,'2018-12-19 14:15:17','2018-12-19 14:15:17'),(97,1,3,'2018-12-19 14:16:07','2018-12-19 14:16:07'),(98,1,3,'2018-12-19 14:25:07','2018-12-19 14:25:07'),(99,3,2,'2018-12-19 14:54:25','2018-12-19 14:54:25'),(100,3,2,'2018-12-19 14:54:25','2018-12-19 14:54:25'),(101,3,2,'2018-12-19 14:54:34','2018-12-19 14:54:34'),(102,3,2,'2018-12-19 14:54:34','2018-12-19 14:54:34'),(103,3,2,'2018-12-19 15:00:22','2018-12-19 15:00:22'),(104,3,2,'2018-12-19 15:00:22','2018-12-19 15:00:22'),(105,3,2,'2018-12-19 15:02:42','2018-12-19 15:02:42'),(106,3,2,'2018-12-19 15:02:42','2018-12-19 15:02:42'),(107,1,4,'2018-12-19 15:03:23','2018-12-19 15:03:23'),(108,1,3,'2018-12-19 15:03:29','2018-12-19 15:03:29'),(109,3,2,'2018-12-19 15:06:53','2018-12-19 15:06:53'),(110,3,2,'2018-12-19 15:06:53','2018-12-19 15:06:53'),(111,19,3,'2018-12-19 16:03:01','2018-12-19 16:03:01'),(112,19,3,'2018-12-19 16:03:35','2018-12-19 16:03:35'),(113,3,2,'2018-12-19 16:03:58','2018-12-19 16:03:58'),(114,3,2,'2018-12-19 16:03:58','2018-12-19 16:03:58'),(115,19,3,'2018-12-19 16:04:20','2018-12-19 16:04:20'),(116,19,3,'2018-12-19 16:13:39','2018-12-19 16:13:39'),(117,3,2,'2018-12-19 16:26:03','2018-12-19 16:26:03'),(118,3,2,'2018-12-19 16:26:07','2018-12-19 16:26:07'),(119,3,2,'2018-12-19 16:35:01','2018-12-19 16:35:01'),(120,3,2,'2018-12-19 16:35:01','2018-12-19 16:35:01'),(121,3,2,'2018-12-19 16:42:17','2018-12-19 16:42:17'),(122,3,2,'2018-12-19 16:42:17','2018-12-19 16:42:17'),(123,3,2,'2018-12-19 17:06:05','2018-12-19 17:06:05'),(124,3,2,'2018-12-19 17:06:05','2018-12-19 17:06:05'),(125,3,2,'2018-12-19 17:07:37','2018-12-19 17:07:37'),(126,3,2,'2018-12-19 17:07:37','2018-12-19 17:07:37'),(127,3,2,'2018-12-19 17:26:55','2018-12-19 17:26:55'),(128,1,4,'2018-12-19 17:27:28','2018-12-19 17:27:28'),(129,1,4,'2018-12-19 17:27:44','2018-12-19 17:27:44'),(130,1,4,'2018-12-19 17:27:56','2018-12-19 17:27:56'),(131,3,2,'2018-12-19 17:32:36','2018-12-19 17:32:36'),(132,20,3,'2018-12-19 17:48:49','2018-12-19 17:48:49'),(133,20,3,'2018-12-19 17:52:50','2018-12-19 17:52:50'),(134,20,3,'2018-12-19 18:02:56','2018-12-19 18:02:56'),(135,3,2,'2018-12-19 18:12:48','2018-12-19 18:12:48'),(136,20,3,'2018-12-19 18:14:08','2018-12-19 18:14:08'),(137,21,3,'2018-12-19 18:22:03','2018-12-19 18:22:03'),(138,21,3,'2018-12-19 18:23:14','2018-12-19 18:23:14'),(139,18,2,'2018-12-19 20:20:06','2018-12-19 20:20:06'),(140,4,3,'2018-12-19 20:52:00','2018-12-19 20:52:00'),(141,24,3,'2018-12-19 23:01:08','2018-12-19 23:01:08'),(142,26,3,'2018-12-19 23:17:08','2018-12-19 23:17:08'),(143,28,3,'2018-12-19 23:52:51','2018-12-19 23:52:51'),(144,28,3,'2018-12-19 23:53:43','2018-12-19 23:53:43'),(145,29,3,'2018-12-20 00:28:15','2018-12-20 00:28:15'),(146,29,3,'2018-12-20 00:39:11','2018-12-20 00:39:11'),(147,29,3,'2018-12-20 00:52:46','2018-12-20 00:52:46'),(148,29,3,'2018-12-20 00:54:12','2018-12-20 00:54:12'),(149,31,4,'2018-12-20 01:12:33','2018-12-20 01:12:33'),(150,31,4,'2018-12-20 01:14:35','2018-12-20 01:14:35'),(151,31,4,'2018-12-20 01:14:45','2018-12-20 01:14:45'),(152,31,4,'2018-12-20 01:14:59','2018-12-20 01:14:59'),(153,31,4,'2018-12-20 01:20:07','2018-12-20 01:20:07'),(154,31,4,'2018-12-20 01:20:21','2018-12-20 01:20:21'),(155,31,4,'2018-12-20 01:20:38','2018-12-20 01:20:38'),(156,31,4,'2018-12-20 01:21:04','2018-12-20 01:21:04'),(157,31,4,'2018-12-20 01:21:34','2018-12-20 01:21:34'),(158,29,3,'2018-12-20 01:21:35','2018-12-20 01:21:35'),(159,31,4,'2018-12-20 01:21:51','2018-12-20 01:21:51'),(160,31,4,'2018-12-20 01:22:10','2018-12-20 01:22:10'),(161,31,4,'2018-12-20 01:23:04','2018-12-20 01:23:04'),(162,31,4,'2018-12-20 01:23:19','2018-12-20 01:23:19'),(163,31,4,'2018-12-20 01:23:38','2018-12-20 01:23:38'),(164,3,2,'2018-12-20 01:25:13','2018-12-20 01:25:13'),(165,31,4,'2018-12-20 01:32:42','2018-12-20 01:32:42'),(166,31,4,'2018-12-20 01:32:53','2018-12-20 01:32:53'),(167,31,4,'2018-12-20 01:33:10','2018-12-20 01:33:10'),(168,31,4,'2018-12-20 01:34:12','2018-12-20 01:34:12'),(169,3,2,'2018-12-20 01:34:29','2018-12-20 01:34:29'),(170,31,4,'2018-12-20 01:34:31','2018-12-20 01:34:31'),(171,31,4,'2018-12-20 01:34:59','2018-12-20 01:34:59'),(172,31,4,'2018-12-20 01:35:20','2018-12-20 01:35:20'),(173,3,2,'2018-12-20 01:37:39','2018-12-20 01:37:39'),(174,3,2,'2018-12-20 01:39:06','2018-12-20 01:39:06'),(175,3,2,'2018-12-20 01:40:41','2018-12-20 01:40:41'),(176,3,2,'2018-12-20 01:41:03','2018-12-20 01:41:03'),(177,3,2,'2018-12-20 01:41:48','2018-12-20 01:41:48'),(178,3,2,'2018-12-20 01:42:45','2018-12-20 01:42:45'),(179,3,2,'2018-12-20 01:43:04','2018-12-20 01:43:04'),(180,3,2,'2018-12-20 01:44:51','2018-12-20 01:44:51'),(181,3,2,'2018-12-20 01:50:20','2018-12-20 01:50:20'),(182,3,2,'2018-12-20 01:50:35','2018-12-20 01:50:35'),(183,3,2,'2018-12-20 01:59:30','2018-12-20 01:59:30'),(184,29,3,'2018-12-20 02:04:39','2018-12-20 02:04:39'),(185,29,3,'2018-12-20 02:08:46','2018-12-20 02:08:46'),(186,3,2,'2018-12-20 02:11:26','2018-12-20 02:11:26'),(187,3,2,'2018-12-20 02:20:33','2018-12-20 02:20:33'),(188,32,4,'2018-12-20 02:42:05','2018-12-20 02:42:05'),(189,32,4,'2018-12-20 02:42:16','2018-12-20 02:42:16'),(190,32,4,'2018-12-20 02:42:30','2018-12-20 02:42:30'),(191,32,4,'2018-12-20 02:42:43','2018-12-20 02:42:43'),(192,32,4,'2018-12-20 02:43:03','2018-12-20 02:43:03'),(193,32,4,'2018-12-20 02:43:14','2018-12-20 02:43:14'),(194,32,4,'2018-12-20 02:43:24','2018-12-20 02:43:24'),(195,32,4,'2018-12-20 02:43:41','2018-12-20 02:43:41'),(196,3,2,'2018-12-20 02:48:37','2018-12-20 02:48:37'),(197,11,4,'2018-12-20 02:49:21','2018-12-20 02:49:21'),(198,3,2,'2018-12-20 02:49:24','2018-12-20 02:49:24'),(199,11,4,'2018-12-20 02:49:34','2018-12-20 02:49:34'),(200,16,4,'2018-12-20 02:51:58','2018-12-20 02:51:58'),(201,16,4,'2018-12-20 02:52:10','2018-12-20 02:52:10'),(202,16,4,'2018-12-20 02:52:21','2018-12-20 02:52:21'),(203,16,4,'2018-12-20 02:54:55','2018-12-20 02:54:55'),(204,16,4,'2018-12-20 02:55:05','2018-12-20 02:55:05'),(205,3,2,'2018-12-20 03:02:25','2018-12-20 03:02:25'),(206,3,2,'2018-12-20 03:02:51','2018-12-20 03:02:51'),(207,1,2,'2018-12-20 03:06:36','2018-12-20 03:06:36'),(208,29,3,'2018-12-20 03:12:01','2018-12-20 03:12:01'),(209,1,2,'2018-12-20 03:34:05','2018-12-20 03:34:05'),(210,1,2,'2018-12-20 03:36:24','2018-12-20 03:36:24'),(211,1,2,'2018-12-20 03:38:05','2018-12-20 03:38:05'),(212,29,3,'2018-12-20 04:41:07','2018-12-20 04:41:07'),(213,29,3,'2018-12-20 04:42:49','2018-12-20 04:42:49'),(214,1,2,'2018-12-20 06:06:43','2018-12-20 06:06:43'),(215,1,2,'2018-12-20 06:16:26','2018-12-20 06:16:26'),(216,1,2,'2018-12-20 06:16:44','2018-12-20 06:16:44'),(217,1,2,'2018-12-20 06:17:40','2018-12-20 06:17:40'),(218,1,2,'2018-12-20 06:19:53','2018-12-20 06:19:53'),(219,1,4,'2018-12-20 06:35:50','2018-12-20 06:35:50'),(220,6,3,'2018-12-20 06:42:06','2018-12-20 06:42:06'),(221,6,3,'2018-12-20 06:43:53','2018-12-20 06:43:53'),(222,1,3,'2018-12-20 06:46:30','2018-12-20 06:46:30'),(223,19,3,'2018-12-20 06:49:31','2018-12-20 06:49:31'),(224,3,2,'2018-12-20 06:51:06','2018-12-20 06:51:06'),(225,10,4,'2018-12-20 06:51:47','2018-12-20 06:51:47'),(226,10,4,'2018-12-20 06:52:07','2018-12-20 06:52:07'),(227,33,3,'2018-12-20 06:52:13','2018-12-20 06:52:13'),(228,33,3,'2018-12-20 06:54:58','2018-12-20 06:54:58'),(229,34,2,'2018-12-20 07:18:34','2018-12-20 07:18:34'),(230,33,3,'2018-12-20 08:24:26','2018-12-20 08:24:26'),(231,33,3,'2018-12-20 08:26:04','2018-12-20 08:26:04'),(232,34,2,'2018-12-20 09:36:19','2018-12-20 09:36:19'),(233,34,2,'2018-12-20 09:38:06','2018-12-20 09:38:06'),(234,37,4,'2018-12-20 09:43:12','2018-12-20 09:43:12'),(235,37,4,'2018-12-20 09:45:56','2018-12-20 09:45:56'),(236,33,3,'2018-12-20 09:54:05','2018-12-20 09:54:05'),(237,33,3,'2018-12-20 09:57:43','2018-12-20 09:57:43'),(238,38,3,'2018-12-20 10:01:29','2018-12-20 10:01:29'),(239,1,4,'2018-12-20 10:05:29','2018-12-20 10:05:29'),(240,1,4,'2018-12-20 10:05:41','2018-12-20 10:05:41'),(241,1,4,'2018-12-20 10:05:50','2018-12-20 10:05:50'),(242,1,4,'2018-12-20 10:07:37','2018-12-20 10:07:37'),(243,1,4,'2018-12-20 10:07:47','2018-12-20 10:07:47'),(244,1,4,'2018-12-20 10:08:04','2018-12-20 10:08:04'),(245,1,4,'2018-12-20 10:08:28','2018-12-20 10:08:28'),(246,1,4,'2018-12-20 10:09:09','2018-12-20 10:09:09'),(247,1,4,'2018-12-20 10:09:42','2018-12-20 10:09:42'),(248,1,4,'2018-12-20 10:09:59','2018-12-20 10:09:59'),(249,1,4,'2018-12-20 10:25:00','2018-12-20 10:25:00'),(250,1,4,'2018-12-24 03:41:35','2018-12-24 03:41:35'),(251,1,4,'2018-12-24 03:41:49','2018-12-24 03:41:49'),(252,1,4,'2018-12-24 03:44:42','2018-12-24 03:44:42'),(253,1,4,'2018-12-24 03:45:06','2018-12-24 03:45:06'),(254,1,4,'2018-12-24 08:49:40','2018-12-24 08:49:40'),(255,1,4,'2018-12-24 08:50:21','2018-12-24 08:50:21'),(256,1,4,'2018-12-24 08:54:06','2018-12-24 08:54:06'),(257,1,4,'2018-12-24 08:54:20','2018-12-24 08:54:20'),(258,1,4,'2018-12-24 08:54:21','2018-12-24 08:54:21'),(259,1,4,'2018-12-24 09:00:39','2018-12-24 09:00:39'),(260,1,4,'2018-12-24 09:00:42','2018-12-24 09:00:42'),(261,1,4,'2018-12-24 09:00:44','2018-12-24 09:00:44'),(262,1,4,'2018-12-24 09:01:00','2018-12-24 09:01:00');
/*!40000 ALTER TABLE `plays` ENABLE KEYS */;
UNLOCK TABLES;

--
-- Table structure for table `shop_lists`
--

DROP TABLE IF EXISTS `shop_lists`;
/*!40101 SET @saved_cs_client     = @@character_set_client */;
/*!40101 SET character_set_client = utf8 */;
CREATE TABLE `shop_lists` (
  `game_id` int(11) NOT NULL,
  `item_id` int(11) NOT NULL,
  `name` varchar(255) COLLATE utf8mb4_unicode_ci NOT NULL
) ENGINE=InnoDB DEFAULT CHARSET=utf8mb4 COLLATE=utf8mb4_unicode_ci;
/*!40101 SET character_set_client = @saved_cs_client */;

--
-- Dumping data for table `shop_lists`
--

LOCK TABLES `shop_lists` WRITE;
/*!40000 ALTER TABLE `shop_lists` DISABLE KEYS */;
INSERT INTO `shop_lists` VALUES (2,0,'神奇鬧鐘'),(2,1,'扣分盾牌'),(2,2,'加分神器'),(2,3,'識破眼鏡'),(3,0,'造型0'),(3,1,'造型1'),(3,2,'造型2'),(3,3,'造型3'),(3,4,'造型4'),(3,5,'造型5'),(3,6,'造型6'),(3,7,'造型7'),(3,8,'造型8'),(3,9,'造型9'),(4,0,'蝴蝶結'),(4,1,'帽子'),(4,2,'氣球'),(4,3,'墨鏡'),(4,4,'小羊'),(4,5,'大樹'),(4,6,'房子'),(4,7,'蝸牛'),(4,8,'鳥'),(4,9,'牛');
/*!40000 ALTER TABLE `shop_lists` ENABLE KEYS */;
UNLOCK TABLES;

--
-- Table structure for table `shops`
--

DROP TABLE IF EXISTS `shops`;
/*!40101 SET @saved_cs_client     = @@character_set_client */;
/*!40101 SET character_set_client = utf8 */;
CREATE TABLE `shops` (
  `id` int(10) unsigned NOT NULL AUTO_INCREMENT,
  `user_id` int(11) NOT NULL,
  `game_id` int(11) NOT NULL,
  `item_id` int(11) NOT NULL,
  `created_at` timestamp NULL DEFAULT NULL,
  `updated_at` timestamp NULL DEFAULT NULL,
  PRIMARY KEY (`id`)
) ENGINE=InnoDB AUTO_INCREMENT=325 DEFAULT CHARSET=utf8mb4 COLLATE=utf8mb4_unicode_ci;
/*!40101 SET character_set_client = @saved_cs_client */;

--
-- Dumping data for table `shops`
--

LOCK TABLES `shops` WRITE;
/*!40000 ALTER TABLE `shops` DISABLE KEYS */;
INSERT INTO `shops` VALUES (78,29,3,3,'2018-12-20 00:27:51','2018-12-20 00:27:51'),(79,29,3,1,'2018-12-20 00:27:56','2018-12-20 00:27:56'),(80,29,3,6,'2018-12-20 00:31:58','2018-12-20 00:31:58'),(81,29,3,5,'2018-12-20 00:32:30','2018-12-20 00:32:30'),(86,25,4,9,'2018-12-20 00:40:35','2018-12-20 00:40:35'),(87,25,4,4,'2018-12-20 00:40:39','2018-12-20 00:40:39'),(88,18,3,2,'2018-12-20 00:46:29','2018-12-20 00:46:29'),(89,18,3,3,'2018-12-20 00:47:58','2018-12-20 00:47:58'),(90,18,3,4,'2018-12-20 00:49:26','2018-12-20 00:49:26'),(91,29,3,2,'2018-12-20 00:51:34','2018-12-20 00:51:34'),(92,29,3,4,'2018-12-20 00:51:39','2018-12-20 00:51:39'),(93,1,3,3,'2018-12-20 00:52:15','2018-12-20 00:52:15'),(94,1,3,1,'2018-12-20 00:52:18','2018-12-20 00:52:18'),(95,25,4,2,'2018-12-20 00:53:26','2018-12-20 00:53:26'),(96,25,4,5,'2018-12-20 00:53:29','2018-12-20 00:53:29'),(134,3,2,0,'2018-12-20 01:51:35','2018-12-20 01:51:35'),(137,3,2,0,'2018-12-20 01:51:36','2018-12-20 01:51:36'),(142,3,2,1,'2018-12-20 01:51:36','2018-12-20 01:51:36'),(143,3,2,0,'2018-12-20 01:51:36','2018-12-20 01:51:36'),(145,3,2,1,'2018-12-20 01:51:36','2018-12-20 01:51:36'),(146,3,2,2,'2018-12-20 01:51:36','2018-12-20 01:51:36'),(147,3,2,2,'2018-12-20 01:51:36','2018-12-20 01:51:36'),(148,3,2,2,'2018-12-20 01:51:36','2018-12-20 01:51:36'),(149,3,2,3,'2018-12-20 01:51:36','2018-12-20 01:51:36'),(150,3,2,3,'2018-12-20 01:51:36','2018-12-20 01:51:36'),(151,3,2,3,'2018-12-20 01:51:36','2018-12-20 01:51:36'),(152,3,2,0,'2018-12-20 01:54:28','2018-12-20 01:54:28'),(153,3,2,0,'2018-12-20 01:54:28','2018-12-20 01:54:28'),(154,3,2,0,'2018-12-20 01:54:28','2018-12-20 01:54:28'),(155,3,2,0,'2018-12-20 01:54:28','2018-12-20 01:54:28'),(156,3,2,0,'2018-12-20 01:54:28','2018-12-20 01:54:28'),(157,3,2,0,'2018-12-20 01:54:29','2018-12-20 01:54:29'),(158,3,2,0,'2018-12-20 01:54:29','2018-12-20 01:54:29'),(159,3,2,0,'2018-12-20 01:54:29','2018-12-20 01:54:29'),(160,3,2,0,'2018-12-20 01:54:29','2018-12-20 01:54:29'),(161,3,2,3,'2018-12-20 01:54:29','2018-12-20 01:54:29'),(162,3,2,2,'2018-12-20 01:54:29','2018-12-20 01:54:29'),(163,3,2,2,'2018-12-20 01:54:29','2018-12-20 01:54:29'),(164,3,2,1,'2018-12-20 01:54:29','2018-12-20 01:54:29'),(165,3,2,2,'2018-12-20 01:54:29','2018-12-20 01:54:29'),(166,3,2,2,'2018-12-20 01:54:29','2018-12-20 01:54:29'),(167,3,2,2,'2018-12-20 01:54:29','2018-12-20 01:54:29'),(168,3,2,2,'2018-12-20 01:54:29','2018-12-20 01:54:29'),(169,3,2,2,'2018-12-20 01:54:29','2018-12-20 01:54:29'),(170,3,2,1,'2018-12-20 01:54:29','2018-12-20 01:54:29'),(171,3,2,3,'2018-12-20 01:54:29','2018-12-20 01:54:29'),(172,3,2,1,'2018-12-20 01:54:29','2018-12-20 01:54:29'),(173,3,2,2,'2018-12-20 01:54:29','2018-12-20 01:54:29'),(174,3,2,1,'2018-12-20 01:54:29','2018-12-20 01:54:29'),(175,3,2,2,'2018-12-20 01:54:29','2018-12-20 01:54:29'),(176,3,2,1,'2018-12-20 01:54:29','2018-12-20 01:54:29'),(177,3,2,3,'2018-12-20 01:54:30','2018-12-20 01:54:30'),(178,3,2,1,'2018-12-20 01:54:30','2018-12-20 01:54:30'),(179,3,2,3,'2018-12-20 01:54:30','2018-12-20 01:54:30'),(180,3,2,3,'2018-12-20 01:54:30','2018-12-20 01:54:30'),(181,3,2,1,'2018-12-20 01:54:30','2018-12-20 01:54:30'),(182,3,2,3,'2018-12-20 01:54:30','2018-12-20 01:54:30'),(183,3,2,1,'2018-12-20 01:54:30','2018-12-20 01:54:30'),(184,3,2,1,'2018-12-20 01:54:30','2018-12-20 01:54:30'),(185,3,2,3,'2018-12-20 01:54:30','2018-12-20 01:54:30'),(186,3,2,3,'2018-12-20 01:54:30','2018-12-20 01:54:30'),(187,3,2,3,'2018-12-20 01:54:30','2018-12-20 01:54:30'),(188,3,2,0,'2018-12-20 01:54:47','2018-12-20 01:54:47'),(189,3,2,0,'2018-12-20 01:54:47','2018-12-20 01:54:47'),(190,3,2,0,'2018-12-20 01:54:47','2018-12-20 01:54:47'),(191,3,2,0,'2018-12-20 01:54:47','2018-12-20 01:54:47'),(192,3,2,0,'2018-12-20 01:54:47','2018-12-20 01:54:47'),(193,3,2,1,'2018-12-20 01:54:47','2018-12-20 01:54:47'),(194,3,2,0,'2018-12-20 01:54:47','2018-12-20 01:54:47'),(195,3,2,0,'2018-12-20 01:54:47','2018-12-20 01:54:47'),(196,3,2,0,'2018-12-20 01:54:47','2018-12-20 01:54:47'),(197,3,2,1,'2018-12-20 01:54:47','2018-12-20 01:54:47'),(198,3,2,0,'2018-12-20 01:54:47','2018-12-20 01:54:47'),(199,3,2,1,'2018-12-20 01:54:47','2018-12-20 01:54:47'),(200,3,2,1,'2018-12-20 01:54:48','2018-12-20 01:54:48'),(201,3,2,1,'2018-12-20 01:54:48','2018-12-20 01:54:48'),(202,3,2,2,'2018-12-20 01:54:48','2018-12-20 01:54:48'),(203,3,2,1,'2018-12-20 01:54:48','2018-12-20 01:54:48'),(204,3,2,1,'2018-12-20 01:54:48','2018-12-20 01:54:48'),(205,3,2,2,'2018-12-20 01:54:48','2018-12-20 01:54:48'),(206,3,2,2,'2018-12-20 01:54:48','2018-12-20 01:54:48'),(207,3,2,2,'2018-12-20 01:54:48','2018-12-20 01:54:48'),(208,3,2,2,'2018-12-20 01:54:48','2018-12-20 01:54:48'),(209,3,2,1,'2018-12-20 01:54:48','2018-12-20 01:54:48'),(210,3,2,1,'2018-12-20 01:54:48','2018-12-20 01:54:48'),(211,3,2,2,'2018-12-20 01:54:48','2018-12-20 01:54:48'),(212,3,2,3,'2018-12-20 01:54:48','2018-12-20 01:54:48'),(213,3,2,2,'2018-12-20 01:54:48','2018-12-20 01:54:48'),(214,3,2,3,'2018-12-20 01:54:48','2018-12-20 01:54:48'),(215,3,2,3,'2018-12-20 01:54:48','2018-12-20 01:54:48'),(216,3,2,3,'2018-12-20 01:54:48','2018-12-20 01:54:48'),(217,3,2,3,'2018-12-20 01:54:48','2018-12-20 01:54:48'),(218,3,2,2,'2018-12-20 01:54:48','2018-12-20 01:54:48'),(219,3,2,3,'2018-12-20 01:54:48','2018-12-20 01:54:48'),(220,3,2,3,'2018-12-20 01:54:48','2018-12-20 01:54:48'),(221,3,2,2,'2018-12-20 01:54:49','2018-12-20 01:54:49'),(222,3,2,3,'2018-12-20 01:54:49','2018-12-20 01:54:49'),(223,3,2,3,'2018-12-20 01:54:49','2018-12-20 01:54:49'),(226,3,2,0,'2018-12-20 02:11:36','2018-12-20 02:11:36'),(232,31,4,2,'2018-12-20 02:25:10','2018-12-20 02:25:10'),(233,31,4,8,'2018-12-20 02:25:12','2018-12-20 02:25:12'),(234,31,4,0,'2018-12-20 02:25:30','2018-12-20 02:25:30'),(235,31,4,7,'2018-12-20 02:25:38','2018-12-20 02:25:38'),(236,31,4,5,'2018-12-20 02:26:51','2018-12-20 02:26:51'),(237,31,4,6,'2018-12-20 02:26:53','2018-12-20 02:26:53'),(238,31,4,1,'2018-12-20 02:27:00','2018-12-20 02:27:00'),(239,3,2,1,'2018-12-20 02:39:01','2018-12-20 02:39:01'),(240,3,2,1,'2018-12-20 02:39:01','2018-12-20 02:39:01'),(241,11,4,0,'2018-12-20 02:50:07','2018-12-20 02:50:07'),(242,11,4,1,'2018-12-20 02:50:56','2018-12-20 02:50:56'),(243,11,4,6,'2018-12-20 02:51:10','2018-12-20 02:51:10'),(244,16,4,0,'2018-12-20 02:57:45','2018-12-20 02:57:45'),(245,16,4,9,'2018-12-20 02:57:47','2018-12-20 02:57:47'),(246,16,4,5,'2018-12-20 02:57:50','2018-12-20 02:57:50'),(247,16,4,4,'2018-12-20 02:57:52','2018-12-20 02:57:52'),(248,1,4,1,'2018-12-20 03:00:37','2018-12-20 03:00:37'),(249,1,4,8,'2018-12-20 03:00:39','2018-12-20 03:00:39'),(250,1,4,7,'2018-12-20 03:00:41','2018-12-20 03:00:41'),(251,1,4,2,'2018-12-20 03:00:43','2018-12-20 03:00:43'),(252,1,2,1,'2018-12-20 03:03:45','2018-12-20 03:03:45'),(253,1,2,0,'2018-12-20 03:03:45','2018-12-20 03:03:45'),(254,1,2,0,'2018-12-20 03:05:31','2018-12-20 03:05:31'),(255,1,2,0,'2018-12-20 03:05:31','2018-12-20 03:05:31'),(256,1,2,0,'2018-12-20 03:05:31','2018-12-20 03:05:31'),(257,1,2,1,'2018-12-20 03:05:31','2018-12-20 03:05:31'),(258,1,2,0,'2018-12-20 03:05:31','2018-12-20 03:05:31'),(259,1,2,3,'2018-12-20 03:05:31','2018-12-20 03:05:31'),(260,1,2,0,'2018-12-20 03:05:31','2018-12-20 03:05:31'),(261,1,2,1,'2018-12-20 03:05:31','2018-12-20 03:05:31'),(262,1,2,2,'2018-12-20 03:05:31','2018-12-20 03:05:31'),(263,1,2,2,'2018-12-20 03:05:31','2018-12-20 03:05:31'),(264,1,2,2,'2018-12-20 03:05:31','2018-12-20 03:05:31'),(265,1,2,3,'2018-12-20 03:05:31','2018-12-20 03:05:31'),(266,1,2,3,'2018-12-20 03:05:31','2018-12-20 03:05:31'),(267,1,2,3,'2018-12-20 03:05:31','2018-12-20 03:05:31'),(268,6,3,8,'2018-12-20 06:41:50','2018-12-20 06:41:50'),(269,6,3,6,'2018-12-20 06:41:54','2018-12-20 06:41:54'),(270,6,3,3,'2018-12-20 06:43:47','2018-12-20 06:43:47'),(271,1,3,2,'2018-12-20 06:45:51','2018-12-20 06:45:51'),(272,1,3,4,'2018-12-20 06:45:53','2018-12-20 06:45:53'),(273,1,3,5,'2018-12-20 06:45:55','2018-12-20 06:45:55'),(274,1,3,6,'2018-12-20 06:45:56','2018-12-20 06:45:56'),(275,1,3,9,'2018-12-20 06:45:57','2018-12-20 06:45:57'),(276,1,3,8,'2018-12-20 06:45:58','2018-12-20 06:45:58'),(277,1,3,7,'2018-12-20 06:46:00','2018-12-20 06:46:00'),(278,1,4,5,'2018-12-20 06:46:16','2018-12-20 06:46:16'),(279,1,4,9,'2018-12-20 06:46:18','2018-12-20 06:46:18'),(280,1,4,6,'2018-12-20 06:46:20','2018-12-20 06:46:20'),(281,10,4,5,'2018-12-20 06:48:01','2018-12-20 06:48:01'),(282,10,4,6,'2018-12-20 06:48:03','2018-12-20 06:48:03'),(283,10,4,7,'2018-12-20 06:48:14','2018-12-20 06:48:14'),(284,10,4,4,'2018-12-20 06:51:35','2018-12-20 06:51:35'),(285,10,4,2,'2018-12-20 06:51:43','2018-12-20 06:51:43'),(286,10,4,1,'2018-12-20 06:52:30','2018-12-20 06:52:30'),(287,10,4,0,'2018-12-20 06:52:32','2018-12-20 06:52:32'),(288,10,4,3,'2018-12-20 06:52:35','2018-12-20 06:52:35'),(289,33,3,4,'2018-12-20 06:54:33','2018-12-20 06:54:33'),(290,33,3,7,'2018-12-20 06:54:35','2018-12-20 06:54:35'),(291,33,3,2,'2018-12-20 06:54:38','2018-12-20 06:54:38'),(292,33,3,6,'2018-12-20 06:54:40','2018-12-20 06:54:40'),(293,1,4,0,'2018-12-20 07:03:18','2018-12-20 07:03:18'),(294,1,4,3,'2018-12-20 07:03:19','2018-12-20 07:03:19'),(295,35,4,0,'2018-12-20 07:13:28','2018-12-20 07:13:28'),(296,35,4,4,'2018-12-20 07:13:29','2018-12-20 07:13:29'),(297,35,4,5,'2018-12-20 07:13:32','2018-12-20 07:13:32'),(298,35,4,6,'2018-12-20 07:13:34','2018-12-20 07:13:34'),(299,35,4,9,'2018-12-20 07:13:36','2018-12-20 07:13:36'),(300,35,4,3,'2018-12-20 07:19:33','2018-12-20 07:19:33'),(301,35,4,1,'2018-12-20 07:19:35','2018-12-20 07:19:35'),(302,34,2,0,'2018-12-20 07:20:38','2018-12-20 07:20:38'),(303,34,2,0,'2018-12-20 07:20:38','2018-12-20 07:20:38'),(304,34,2,0,'2018-12-20 07:20:38','2018-12-20 07:20:38'),(305,34,2,0,'2018-12-20 07:20:38','2018-12-20 07:20:38'),(306,34,2,0,'2018-12-20 07:20:38','2018-12-20 07:20:38'),(307,34,2,2,'2018-12-20 07:20:43','2018-12-20 07:20:43'),(308,34,2,2,'2018-12-20 07:20:43','2018-12-20 07:20:43'),(309,34,2,2,'2018-12-20 07:20:43','2018-12-20 07:20:43'),(310,34,2,2,'2018-12-20 07:20:43','2018-12-20 07:20:43'),(311,34,2,2,'2018-12-20 07:20:43','2018-12-20 07:20:43'),(312,1,4,4,'2018-12-20 08:37:46','2018-12-20 08:37:46'),(313,34,2,1,'2018-12-20 09:37:51','2018-12-20 09:37:51'),(314,34,2,0,'2018-12-20 09:37:51','2018-12-20 09:37:51'),(315,34,2,2,'2018-12-20 09:37:51','2018-12-20 09:37:51'),(316,34,2,3,'2018-12-20 09:37:51','2018-12-20 09:37:51'),(317,37,4,0,'2018-12-20 09:44:52','2018-12-20 09:44:52'),(318,37,4,4,'2018-12-20 09:45:01','2018-12-20 09:45:01'),(319,37,4,3,'2018-12-20 09:45:04','2018-12-20 09:45:04'),(320,37,4,6,'2018-12-20 09:45:07','2018-12-20 09:45:07'),(321,37,4,9,'2018-12-20 09:45:09','2018-12-20 09:45:09'),(322,38,3,3,'2018-12-20 10:01:08','2018-12-20 10:01:08'),(323,38,3,1,'2018-12-20 10:01:11','2018-12-20 10:01:11'),(324,38,3,8,'2018-12-20 10:01:14','2018-12-20 10:01:14');
/*!40000 ALTER TABLE `shops` ENABLE KEYS */;
UNLOCK TABLES;

--
-- Table structure for table `transactions`
--

DROP TABLE IF EXISTS `transactions`;
/*!40101 SET @saved_cs_client     = @@character_set_client */;
/*!40101 SET character_set_client = utf8 */;
CREATE TABLE `transactions` (
  `id` int(10) unsigned NOT NULL AUTO_INCREMENT,
  `user_id` int(11) NOT NULL,
  `game_id` int(11) NOT NULL,
  `amount` int(11) NOT NULL,
  `description` varchar(255) COLLATE utf8mb4_unicode_ci NOT NULL,
  `created_at` timestamp NULL DEFAULT NULL,
  `updated_at` timestamp NULL DEFAULT NULL,
  PRIMARY KEY (`id`)
) ENGINE=InnoDB AUTO_INCREMENT=613 DEFAULT CHARSET=utf8mb4 COLLATE=utf8mb4_unicode_ci;
/*!40101 SET character_set_client = @saved_cs_client */;

--
-- Dumping data for table `transactions`
--

LOCK TABLES `transactions` WRITE;
/*!40000 ALTER TABLE `transactions` DISABLE KEYS */;
INSERT INTO `transactions` VALUES (1,1,5,100,'儲值','2018-12-18 19:53:15','2018-12-18 19:53:15'),(2,1,2,-10,'玩遊戲','2018-12-18 19:53:38','2018-12-18 19:53:38'),(3,1,5,100,'儲值','2018-12-18 19:54:08','2018-12-18 19:54:08'),(4,2,5,9999,'儲值','2018-12-18 19:59:08','2018-12-18 19:59:08'),(5,1,2,-10,'玩遊戲','2018-12-18 19:59:10','2018-12-18 19:59:10'),(6,1,2,-10,'玩遊戲','2018-12-18 19:59:13','2018-12-18 19:59:13'),(7,1,2,-10,'玩遊戲','2018-12-18 19:59:13','2018-12-18 19:59:13'),(8,1,2,-10,'玩遊戲','2018-12-18 19:59:14','2018-12-18 19:59:14'),(9,2,3,-10,'玩遊戲','2018-12-18 19:59:31','2018-12-18 19:59:31'),(10,2,3,-10,'玩遊戲','2018-12-18 20:01:55','2018-12-18 20:01:55'),(11,2,3,-10,'玩遊戲','2018-12-18 20:02:44','2018-12-18 20:02:44'),(12,2,3,-10,'玩遊戲','2018-12-18 20:04:21','2018-12-18 20:04:21'),(13,2,3,-10,'玩遊戲','2018-12-18 20:08:09','2018-12-18 20:08:09'),(14,2,3,-10,'玩遊戲','2018-12-18 20:09:20','2018-12-18 20:09:20'),(15,2,3,-10,'玩遊戲','2018-12-18 20:10:02','2018-12-18 20:10:02'),(16,2,3,-10,'玩遊戲','2018-12-18 20:14:19','2018-12-18 20:14:19'),(17,2,3,-10,'玩遊戲','2018-12-18 20:14:53','2018-12-18 20:14:53'),(18,1,4,-10,'玩遊戲','2018-12-18 20:16:31','2018-12-18 20:16:31'),(19,1,2,-10,'玩遊戲','2018-12-18 20:25:55','2018-12-18 20:25:55'),(20,1,3,-10,'玩遊戲','2018-12-18 20:26:19','2018-12-18 20:26:19'),(21,1,4,-10,'玩遊戲','2018-12-18 20:30:12','2018-12-18 20:30:12'),(22,1,4,-10,'玩遊戲','2018-12-18 20:33:19','2018-12-18 20:33:19'),(23,1,4,-10,'玩遊戲','2018-12-18 20:38:25','2018-12-18 20:38:25'),(24,1,4,-10,'玩遊戲','2018-12-18 20:47:45','2018-12-18 20:47:45'),(25,1,4,-10,'玩遊戲','2018-12-18 21:01:40','2018-12-18 21:01:40'),(26,1,3,-10,'玩遊戲','2018-12-18 22:28:45','2018-12-18 22:28:45'),(27,1,3,-10,'玩遊戲','2018-12-18 22:29:33','2018-12-18 22:29:33'),(28,1,2,-10,'玩遊戲','2018-12-18 22:33:00','2018-12-18 22:33:00'),(29,1,2,-10,'玩遊戲','2018-12-18 22:36:34','2018-12-18 22:36:34'),(30,1,2,-10,'玩遊戲','2018-12-18 22:38:44','2018-12-18 22:38:44'),(31,1,3,-10,'玩遊戲','2018-12-18 23:49:45','2018-12-18 23:49:45'),(32,1,3,-10,'玩遊戲','2018-12-19 00:54:37','2018-12-19 00:54:37'),(33,2,3,-10,'玩遊戲','2018-12-19 00:56:16','2018-12-19 00:56:16'),(34,1,5,10000,'儲值','2018-12-19 01:08:36','2018-12-19 01:08:36'),(35,8,5,500,'儲值','2018-12-19 02:45:36','2018-12-19 02:45:36'),(36,9,5,500,'儲值','2018-12-19 02:48:20','2018-12-19 02:48:20'),(37,10,5,500,'儲值','2018-12-19 03:15:54','2018-12-19 03:15:54'),(38,11,5,500,'儲值','2018-12-19 03:16:31','2018-12-19 03:16:31'),(39,12,5,500,'儲值','2018-12-19 03:18:28','2018-12-19 03:18:28'),(40,13,5,500,'儲值','2018-12-19 03:19:56','2018-12-19 03:19:56'),(41,13,2,-10,'玩遊戲','2018-12-19 03:20:19','2018-12-19 03:20:19'),(42,14,5,500,'儲值','2018-12-19 03:20:31','2018-12-19 03:20:31'),(43,13,2,-10,'玩遊戲','2018-12-19 03:20:55','2018-12-19 03:20:55'),(44,15,5,500,'儲值','2018-12-19 03:22:27','2018-12-19 03:22:27'),(45,16,5,500,'儲值','2018-12-19 03:23:09','2018-12-19 03:23:09'),(46,15,3,-10,'玩遊戲','2018-12-19 03:23:19','2018-12-19 03:23:19'),(47,13,2,-10,'玩遊戲','2018-12-19 03:24:32','2018-12-19 03:24:32'),(48,17,5,500,'儲值','2018-12-19 03:26:05','2018-12-19 03:26:05'),(49,17,4,-10,'玩遊戲','2018-12-19 03:26:33','2018-12-19 03:26:33'),(50,17,4,-10,'玩遊戲','2018-12-19 03:26:57','2018-12-19 03:26:57'),(51,17,4,-10,'玩遊戲','2018-12-19 03:27:18','2018-12-19 03:27:18'),(52,3,2,-10,'玩遊戲','2018-12-19 03:28:04','2018-12-19 03:28:04'),(53,3,2,-10,'玩遊戲','2018-12-19 03:30:38','2018-12-19 03:30:38'),(54,3,2,-10,'玩遊戲','2018-12-19 03:32:45','2018-12-19 03:32:45'),(55,1,4,-10,'玩遊戲','2018-12-19 03:56:25','2018-12-19 03:56:25'),(56,3,2,-10,'玩遊戲','2018-12-19 03:56:52','2018-12-19 03:56:52'),(57,1,3,-10,'玩遊戲','2018-12-19 03:57:19','2018-12-19 03:57:19'),(58,1,3,-10,'玩遊戲','2018-12-19 03:58:28','2018-12-19 03:58:28'),(59,1,3,-10,'玩遊戲','2018-12-19 03:58:50','2018-12-19 03:58:50'),(60,3,2,-10,'玩遊戲','2018-12-19 04:05:23','2018-12-19 04:05:23'),(61,3,2,-10,'玩遊戲','2018-12-19 04:35:21','2018-12-19 04:35:21'),(62,3,2,-10,'玩遊戲','2018-12-19 04:41:49','2018-12-19 04:41:49'),(63,3,2,-10,'玩遊戲','2018-12-19 04:46:12','2018-12-19 04:46:12'),(64,3,2,-10,'玩遊戲','2018-12-19 05:30:49','2018-12-19 05:30:49'),(65,3,2,-10,'玩遊戲','2018-12-19 05:30:55','2018-12-19 05:30:55'),(66,3,2,-10,'玩遊戲','2018-12-19 05:31:04','2018-12-19 05:31:04'),(67,3,2,-10,'玩遊戲','2018-12-19 05:31:12','2018-12-19 05:31:12'),(68,3,2,-10,'玩遊戲','2018-12-19 05:31:27','2018-12-19 05:31:27'),(69,3,2,-10,'玩遊戲','2018-12-19 05:31:35','2018-12-19 05:31:35'),(70,3,2,-10,'玩遊戲','2018-12-19 05:32:12','2018-12-19 05:32:12'),(71,3,2,-10,'玩遊戲','2018-12-19 05:35:45','2018-12-19 05:35:45'),(72,3,2,-10,'玩遊戲','2018-12-19 06:07:52','2018-12-19 06:07:52'),(73,3,2,-10,'玩遊戲','2018-12-19 06:10:24','2018-12-19 06:10:24'),(74,3,2,-10,'玩遊戲','2018-12-19 06:11:43','2018-12-19 06:11:43'),(75,3,2,-10,'玩遊戲','2018-12-19 06:12:59','2018-12-19 06:12:59'),(76,3,2,-10,'玩遊戲','2018-12-19 06:15:51','2018-12-19 06:15:51'),(77,3,2,-10,'玩遊戲','2018-12-19 06:16:25','2018-12-19 06:16:25'),(78,3,2,-10,'玩遊戲','2018-12-19 06:17:11','2018-12-19 06:17:11'),(79,3,2,-10,'玩遊戲','2018-12-19 06:19:47','2018-12-19 06:19:47'),(80,3,2,-10,'玩遊戲','2018-12-19 06:21:33','2018-12-19 06:21:33'),(81,3,2,-10,'玩遊戲','2018-12-19 06:26:01','2018-12-19 06:26:01'),(82,3,2,-10,'玩遊戲','2018-12-19 06:26:36','2018-12-19 06:26:36'),(83,3,2,-10,'玩遊戲','2018-12-19 06:27:05','2018-12-19 06:27:05'),(84,3,2,-10,'玩遊戲','2018-12-19 06:27:21','2018-12-19 06:27:21'),(85,3,2,-10,'玩遊戲','2018-12-19 06:27:36','2018-12-19 06:27:36'),(86,3,2,-10,'玩遊戲','2018-12-19 06:33:57','2018-12-19 06:33:57'),(87,3,2,-10,'玩遊戲','2018-12-19 06:35:51','2018-12-19 06:35:51'),(88,3,2,-10,'玩遊戲','2018-12-19 06:35:53','2018-12-19 06:35:53'),(89,3,2,-10,'玩遊戲','2018-12-19 06:39:21','2018-12-19 06:39:21'),(90,3,2,-10,'玩遊戲','2018-12-19 06:39:24','2018-12-19 06:39:24'),(91,3,2,-10,'玩遊戲','2018-12-19 06:39:30','2018-12-19 06:39:30'),(92,3,2,-10,'玩遊戲','2018-12-19 06:39:35','2018-12-19 06:39:35'),(93,3,2,-10,'玩遊戲','2018-12-19 07:56:41','2018-12-19 07:56:41'),(94,3,2,-10,'玩遊戲','2018-12-19 08:01:23','2018-12-19 08:01:23'),(95,3,2,-10,'玩遊戲','2018-12-19 09:05:29','2018-12-19 09:05:29'),(96,3,2,-10,'玩遊戲','2018-12-19 09:11:59','2018-12-19 09:11:59'),(97,3,2,-10,'玩遊戲','2018-12-19 09:16:06','2018-12-19 09:16:06'),(98,3,2,-10,'玩遊戲','2018-12-19 09:17:13','2018-12-19 09:17:13'),(99,3,2,-10,'玩遊戲','2018-12-19 09:24:01','2018-12-19 09:24:01'),(100,3,2,-10,'玩遊戲','2018-12-19 09:28:52','2018-12-19 09:28:52'),(101,18,5,500,'儲值','2018-12-19 09:42:34','2018-12-19 09:42:34'),(102,18,2,-10,'玩遊戲','2018-12-19 10:41:53','2018-12-19 10:41:53'),(103,18,2,-10,'玩遊戲','2018-12-19 10:48:12','2018-12-19 10:48:12'),(104,1,3,-10,'玩遊戲','2018-12-19 10:54:25','2018-12-19 10:54:25'),(105,1,3,-10,'玩遊戲','2018-12-19 10:55:27','2018-12-19 10:55:27'),(106,18,2,-10,'玩遊戲','2018-12-19 11:14:50','2018-12-19 11:14:50'),(107,18,2,-10,'玩遊戲','2018-12-19 11:42:04','2018-12-19 11:42:04'),(108,18,2,100,'儲值','2018-12-19 12:13:27','2018-12-19 12:13:27'),(109,18,2,100,'儲值','2018-12-19 12:16:48','2018-12-19 12:16:48'),(110,1,4,100,'儲值','2018-12-19 12:32:47','2018-12-19 12:32:47'),(111,1,4,-10,'玩遊戲','2018-12-19 13:36:23','2018-12-19 13:36:23'),(112,1,3,-10,'玩遊戲','2018-12-19 13:39:25','2018-12-19 13:39:25'),(113,1,3,-10,'玩遊戲','2018-12-19 14:13:44','2018-12-19 14:13:44'),(114,1,3,-10,'玩遊戲','2018-12-19 14:15:17','2018-12-19 14:15:17'),(115,1,3,-10,'玩遊戲','2018-12-19 14:16:07','2018-12-19 14:16:07'),(116,1,3,-10,'玩遊戲','2018-12-19 14:25:08','2018-12-19 14:25:08'),(117,3,2,-10,'玩遊戲','2018-12-19 14:54:25','2018-12-19 14:54:25'),(118,3,2,-10,'玩遊戲','2018-12-19 14:54:25','2018-12-19 14:54:25'),(119,3,2,-10,'玩遊戲','2018-12-19 14:54:34','2018-12-19 14:54:34'),(120,3,2,-10,'玩遊戲','2018-12-19 14:54:34','2018-12-19 14:54:34'),(121,3,2,-10,'玩遊戲','2018-12-19 15:00:22','2018-12-19 15:00:22'),(122,3,2,-10,'玩遊戲','2018-12-19 15:00:22','2018-12-19 15:00:22'),(123,3,2,-10,'玩遊戲','2018-12-19 15:02:42','2018-12-19 15:02:42'),(124,3,2,-10,'玩遊戲','2018-12-19 15:02:42','2018-12-19 15:02:42'),(125,1,4,-10,'玩遊戲','2018-12-19 15:03:23','2018-12-19 15:03:23'),(126,1,3,-10,'玩遊戲','2018-12-19 15:03:29','2018-12-19 15:03:29'),(127,3,2,-10,'玩遊戲','2018-12-19 15:06:53','2018-12-19 15:06:53'),(128,3,2,-10,'玩遊戲','2018-12-19 15:06:53','2018-12-19 15:06:53'),(129,18,2,100,'儲值','2018-12-19 15:18:18','2018-12-19 15:18:18'),(130,18,2,-100,'購買道具','2018-12-19 15:27:31','2018-12-19 15:27:31'),(131,18,2,-100,'購買道具','2018-12-19 15:31:28','2018-12-19 15:31:28'),(132,18,2,-100,'購買道具','2018-12-19 15:32:04','2018-12-19 15:32:04'),(133,18,2,-100,'購買道具','2018-12-19 15:32:42','2018-12-19 15:32:42'),(134,18,2,-100,'購買道具','2018-12-19 15:33:58','2018-12-19 15:33:58'),(135,18,2,-1010,'購買道具','2018-12-19 15:37:04','2018-12-19 15:37:04'),(136,18,2,-1010,'購買道具','2018-12-19 15:40:16','2018-12-19 15:40:16'),(137,18,2,-5,'購買道具','2018-12-19 15:43:55','2018-12-19 15:43:55'),(138,18,2,-4,'購買道具','2018-12-19 15:44:07','2018-12-19 15:44:07'),(139,19,5,500,'儲值','2018-12-19 16:02:32','2018-12-19 16:02:32'),(140,19,3,-10,'玩遊戲','2018-12-19 16:03:01','2018-12-19 16:03:01'),(141,19,3,-10,'玩遊戲','2018-12-19 16:03:35','2018-12-19 16:03:35'),(142,3,2,-10,'玩遊戲','2018-12-19 16:03:58','2018-12-19 16:03:58'),(143,3,2,-10,'玩遊戲','2018-12-19 16:03:58','2018-12-19 16:03:58'),(144,19,3,-10,'玩遊戲','2018-12-19 16:04:20','2018-12-19 16:04:20'),(145,18,2,-4,'購買道具','2018-12-19 16:06:38','2018-12-19 16:06:38'),(146,19,3,-100,'購買道具','2018-12-19 16:12:56','2018-12-19 16:12:56'),(147,19,3,-10,'玩遊戲','2018-12-19 16:13:39','2018-12-19 16:13:39'),(148,3,2,-10,'玩遊戲','2018-12-19 16:26:03','2018-12-19 16:26:03'),(149,3,2,-10,'玩遊戲','2018-12-19 16:26:07','2018-12-19 16:26:07'),(150,19,3,-100,'購買道具','2018-12-19 16:31:35','2018-12-19 16:31:35'),(151,3,2,-10,'玩遊戲','2018-12-19 16:35:01','2018-12-19 16:35:01'),(152,3,2,-10,'玩遊戲','2018-12-19 16:35:02','2018-12-19 16:35:02'),(153,1,4,-100,'購買道具','2018-12-19 16:40:36','2018-12-19 16:40:36'),(154,20,5,500,'儲值','2018-12-19 16:41:51','2018-12-19 16:41:51'),(155,3,2,-10,'玩遊戲','2018-12-19 16:42:17','2018-12-19 16:42:17'),(156,3,2,-10,'玩遊戲','2018-12-19 16:42:17','2018-12-19 16:42:17'),(157,1,4,-100,'購買道具','2018-12-19 16:42:24','2018-12-19 16:42:24'),(158,1,4,-22,'購買道具','2018-12-19 16:47:34','2018-12-19 16:47:34'),(159,3,2,-10,'玩遊戲','2018-12-19 17:06:05','2018-12-19 17:06:05'),(160,3,2,-10,'玩遊戲','2018-12-19 17:06:05','2018-12-19 17:06:05'),(161,1,4,-20,'購買道具','2018-12-19 17:06:09','2018-12-19 17:06:09'),(162,3,2,-10,'玩遊戲','2018-12-19 17:07:37','2018-12-19 17:07:37'),(163,3,2,-10,'玩遊戲','2018-12-19 17:07:37','2018-12-19 17:07:37'),(164,20,3,-100,'購買道具','2018-12-19 17:08:02','2018-12-19 17:08:02'),(165,20,3,-100,'購買道具','2018-12-19 17:08:03','2018-12-19 17:08:03'),(166,1,4,-40,'購買道具','2018-12-19 17:08:18','2018-12-19 17:08:18'),(167,1,4,-20,'購買道具','2018-12-19 17:08:25','2018-12-19 17:08:25'),(168,3,2,-1,'購買道具','2018-12-19 17:09:27','2018-12-19 17:09:27'),(169,3,2,-10,'玩遊戲','2018-12-19 17:26:55','2018-12-19 17:26:55'),(170,1,4,-10,'玩遊戲','2018-12-19 17:27:28','2018-12-19 17:27:28'),(171,1,4,-10,'玩遊戲','2018-12-19 17:27:44','2018-12-19 17:27:44'),(172,1,4,-10,'玩遊戲','2018-12-19 17:27:56','2018-12-19 17:27:56'),(173,3,2,-10,'玩遊戲','2018-12-19 17:32:36','2018-12-19 17:32:36'),(174,20,3,-100,'購買道具','2018-12-19 17:33:51','2018-12-19 17:33:51'),(175,18,2,-77,'購買道具','2018-12-19 17:41:10','2018-12-19 17:41:10'),(176,18,2,-77,'購買道具','2018-12-19 17:41:43','2018-12-19 17:41:43'),(177,18,2,-77,'購買道具','2018-12-19 17:41:43','2018-12-19 17:41:43'),(178,18,2,-77,'購買道具','2018-12-19 17:44:07','2018-12-19 17:44:07'),(179,18,2,-77,'購買道具','2018-12-19 17:44:15','2018-12-19 17:44:15'),(180,18,2,-77,'購買道具','2018-12-19 17:44:16','2018-12-19 17:44:16'),(181,3,2,-1,'購買道具','2018-12-19 17:46:27','2018-12-19 17:46:27'),(182,3,2,-1,'購買道具','2018-12-19 17:46:28','2018-12-19 17:46:28'),(183,20,3,-10,'玩遊戲','2018-12-19 17:48:49','2018-12-19 17:48:49'),(184,18,2,-33,'購買道具','2018-12-19 17:52:38','2018-12-19 17:52:38'),(185,20,3,-10,'玩遊戲','2018-12-19 17:52:50','2018-12-19 17:52:50'),(186,20,3,-100,'購買道具','2018-12-19 17:54:06','2018-12-19 17:54:06'),(187,1,4,-50,'購買道具','2018-12-19 17:54:08','2018-12-19 17:54:08'),(188,3,2,-1,'購買道具','2018-12-19 17:58:04','2018-12-19 17:58:04'),(189,3,2,-1,'購買道具','2018-12-19 17:58:04','2018-12-19 17:58:04'),(190,3,2,-1,'購買道具','2018-12-19 17:58:04','2018-12-19 17:58:04'),(191,3,2,-1,'購買道具','2018-12-19 17:58:04','2018-12-19 17:58:04'),(192,1,4,-10,'玩遊戲','2018-12-19 17:59:59','2018-12-19 17:59:59'),(193,3,2,-1,'購買道具','2018-12-19 18:00:13','2018-12-19 18:00:13'),(194,1,4,-20,'購買道具','2018-12-19 18:00:24','2018-12-19 18:00:24'),(195,3,2,-1,'購買道具','2018-12-19 18:00:39','2018-12-19 18:00:39'),(196,20,3,-10,'玩遊戲','2018-12-19 18:02:56','2018-12-19 18:02:56'),(197,3,2,-1,'購買道具','2018-12-19 18:11:58','2018-12-19 18:11:58'),(198,20,3,-100,'購買道具','2018-12-19 18:12:28','2018-12-19 18:12:28'),(199,3,2,-10,'玩遊戲','2018-12-19 18:12:48','2018-12-19 18:12:48'),(200,3,2,-1,'購買道具','2018-12-19 18:13:08','2018-12-19 18:13:08'),(201,20,3,-100,'購買道具','2018-12-19 18:13:59','2018-12-19 18:13:59'),(202,20,3,-10,'玩遊戲','2018-12-19 18:14:08','2018-12-19 18:14:08'),(203,3,2,-1,'購買道具','2018-12-19 18:14:16','2018-12-19 18:14:16'),(204,3,2,-1,'購買道具','2018-12-19 18:14:16','2018-12-19 18:14:16'),(205,3,2,-1,'購買道具','2018-12-19 18:14:16','2018-12-19 18:14:16'),(206,3,2,-1,'購買道具','2018-12-19 18:14:17','2018-12-19 18:14:17'),(207,21,5,500,'儲值','2018-12-19 18:20:44','2018-12-19 18:20:44'),(208,21,3,-100,'購買道具','2018-12-19 18:21:09','2018-12-19 18:21:09'),(209,21,3,-10,'玩遊戲','2018-12-19 18:22:03','2018-12-19 18:22:03'),(210,21,3,-10,'玩遊戲','2018-12-19 18:23:14','2018-12-19 18:23:14'),(211,1,5,777,'儲值','2018-12-19 20:19:16','2018-12-19 20:19:16'),(212,18,2,-10,'玩遊戲','2018-12-19 20:20:06','2018-12-19 20:20:06'),(213,18,2,-33,'購買道具','2018-12-19 20:20:25','2018-12-19 20:20:25'),(214,1,4,-30,'購買道具','2018-12-19 20:27:50','2018-12-19 20:27:50'),(215,18,2,-33,'購買道具加分神器','2018-12-19 20:36:46','2018-12-19 20:36:46'),(216,1,4,-40,'購買道具墨鏡','2018-12-19 20:37:46','2018-12-19 20:37:46'),(217,4,3,-100,'購買道具造型4','2018-12-19 20:51:39','2018-12-19 20:51:39'),(218,4,3,-10,'玩遊戲','2018-12-19 20:52:00','2018-12-19 20:52:00'),(219,22,5,500,'儲值','2018-12-19 20:53:21','2018-12-19 20:53:21'),(220,23,5,500,'儲值','2018-12-19 20:59:56','2018-12-19 20:59:56'),(221,24,5,500,'儲值','2018-12-19 22:55:34','2018-12-19 22:55:34'),(222,25,5,500,'儲值','2018-12-19 22:59:10','2018-12-19 22:59:10'),(223,24,3,-10,'玩遊戲','2018-12-19 23:01:08','2018-12-19 23:01:08'),(224,26,5,500,'儲值','2018-12-19 23:16:32','2018-12-19 23:16:32'),(225,26,3,-10,'玩遊戲','2018-12-19 23:17:08','2018-12-19 23:17:08'),(226,27,5,500,'儲值','2018-12-19 23:50:12','2018-12-19 23:50:12'),(227,28,5,500,'儲值','2018-12-19 23:52:28','2018-12-19 23:52:28'),(228,28,3,-10,'玩遊戲','2018-12-19 23:52:51','2018-12-19 23:52:51'),(229,28,3,-10,'玩遊戲','2018-12-19 23:53:43','2018-12-19 23:53:43'),(230,25,4,-10,'購買道具大樹','2018-12-20 00:09:28','2018-12-20 00:09:28'),(231,18,2,-33,'購買道具加分神器','2018-12-20 00:19:19','2018-12-20 00:19:19'),(232,18,2,-33,'購買道具加分神器','2018-12-20 00:19:27','2018-12-20 00:19:27'),(233,18,2,-33,'購買道具加分神器','2018-12-20 00:19:28','2018-12-20 00:19:28'),(234,18,2,-33,'購買道具加分神器','2018-12-20 00:19:28','2018-12-20 00:19:28'),(235,29,5,500,'儲值','2018-12-20 00:23:10','2018-12-20 00:23:10'),(236,18,2,-33,'購買道具加分神器','2018-12-20 00:25:35','2018-12-20 00:25:35'),(237,18,3,-33,'購買道具造型2','2018-12-20 00:26:50','2018-12-20 00:26:50'),(238,29,3,-100,'購買道具造型3','2018-12-20 00:27:51','2018-12-20 00:27:51'),(239,29,3,-100,'購買道具造型1','2018-12-20 00:27:56','2018-12-20 00:27:56'),(240,29,3,-10,'玩遊戲','2018-12-20 00:28:15','2018-12-20 00:28:15'),(241,29,3,-100,'購買道具造型6','2018-12-20 00:31:58','2018-12-20 00:31:58'),(242,29,3,-100,'購買道具造型5','2018-12-20 00:32:31','2018-12-20 00:32:31'),(243,29,3,-10,'玩遊戲','2018-12-20 00:39:11','2018-12-20 00:39:11'),(244,18,3,-33,'購買道具造型2','2018-12-20 00:39:32','2018-12-20 00:39:32'),(245,18,3,-33,'購買道具造型2','2018-12-20 00:39:35','2018-12-20 00:39:35'),(246,18,3,-33,'購買道具造型2','2018-12-20 00:39:36','2018-12-20 00:39:36'),(247,18,3,-33,'購買道具造型2','2018-12-20 00:39:37','2018-12-20 00:39:37'),(248,25,4,-50,'購買道具牛','2018-12-20 00:40:35','2018-12-20 00:40:35'),(249,25,4,-50,'購買道具小羊','2018-12-20 00:40:39','2018-12-20 00:40:39'),(250,18,3,-33,'購買道具造型2','2018-12-20 00:46:29','2018-12-20 00:46:29'),(251,18,3,-33,'購買道具造型3','2018-12-20 00:47:58','2018-12-20 00:47:58'),(252,18,3,-33,'購買道具造型4','2018-12-20 00:49:26','2018-12-20 00:49:26'),(253,29,3,-100,'購買道具造型2','2018-12-20 00:51:34','2018-12-20 00:51:34'),(254,29,3,-100,'購買道具造型4','2018-12-20 00:51:39','2018-12-20 00:51:39'),(255,1,3,-100,'購買道具造型3','2018-12-20 00:52:15','2018-12-20 00:52:15'),(256,1,3,-100,'購買道具造型1','2018-12-20 00:52:18','2018-12-20 00:52:18'),(257,29,3,-10,'玩遊戲','2018-12-20 00:52:46','2018-12-20 00:52:46'),(258,25,4,-30,'購買道具氣球','2018-12-20 00:53:26','2018-12-20 00:53:26'),(259,25,4,-10,'購買道具大樹','2018-12-20 00:53:29','2018-12-20 00:53:29'),(260,29,3,-10,'玩遊戲','2018-12-20 00:54:12','2018-12-20 00:54:12'),(261,30,5,500,'儲值','2018-12-20 01:09:26','2018-12-20 01:09:26'),(262,31,5,500,'儲值','2018-12-20 01:11:28','2018-12-20 01:11:28'),(263,31,4,-10,'玩遊戲','2018-12-20 01:12:33','2018-12-20 01:12:33'),(264,31,4,-10,'玩遊戲','2018-12-20 01:14:35','2018-12-20 01:14:35'),(265,31,4,-10,'玩遊戲','2018-12-20 01:14:46','2018-12-20 01:14:46'),(266,31,4,-10,'玩遊戲','2018-12-20 01:14:59','2018-12-20 01:14:59'),(267,31,4,-10,'玩遊戲','2018-12-20 01:20:07','2018-12-20 01:20:07'),(268,31,4,-10,'玩遊戲','2018-12-20 01:20:21','2018-12-20 01:20:21'),(269,31,4,-10,'玩遊戲','2018-12-20 01:20:38','2018-12-20 01:20:38'),(270,31,4,-10,'玩遊戲','2018-12-20 01:21:04','2018-12-20 01:21:04'),(271,31,4,-10,'玩遊戲','2018-12-20 01:21:34','2018-12-20 01:21:34'),(272,29,3,-10,'玩遊戲','2018-12-20 01:21:35','2018-12-20 01:21:35'),(273,3,2,-1,'購買道具神奇鬧鐘','2018-12-20 01:21:44','2018-12-20 01:21:44'),(274,31,4,-10,'玩遊戲','2018-12-20 01:21:52','2018-12-20 01:21:52'),(275,31,4,-10,'玩遊戲','2018-12-20 01:22:10','2018-12-20 01:22:10'),(276,31,4,-10,'玩遊戲','2018-12-20 01:23:04','2018-12-20 01:23:04'),(277,31,4,-10,'玩遊戲','2018-12-20 01:23:19','2018-12-20 01:23:19'),(278,31,4,-10,'玩遊戲','2018-12-20 01:23:38','2018-12-20 01:23:38'),(279,3,2,-10,'玩遊戲','2018-12-20 01:25:13','2018-12-20 01:25:13'),(280,31,4,-20,'購買道具帽子','2018-12-20 01:25:38','2018-12-20 01:25:38'),(281,31,4,-40,'購買道具墨鏡','2018-12-20 01:25:39','2018-12-20 01:25:39'),(282,31,4,-10,'購買道具蝴蝶結','2018-12-20 01:25:41','2018-12-20 01:25:41'),(283,31,4,-50,'購買道具小羊','2018-12-20 01:25:43','2018-12-20 01:25:43'),(284,31,4,-30,'購買道具氣球','2018-12-20 01:25:45','2018-12-20 01:25:45'),(285,31,4,-20,'購買道具房子','2018-12-20 01:25:47','2018-12-20 01:25:47'),(286,31,4,-10,'購買道具大樹','2018-12-20 01:25:50','2018-12-20 01:25:50'),(287,31,4,-50,'購買道具牛','2018-12-20 01:26:59','2018-12-20 01:26:59'),(288,31,4,-20,'購買道具蝸牛','2018-12-20 01:27:03','2018-12-20 01:27:03'),(289,31,4,-40,'購買道具鳥','2018-12-20 01:27:05','2018-12-20 01:27:05'),(290,31,4,-10,'玩遊戲','2018-12-20 01:32:42','2018-12-20 01:32:42'),(291,31,4,-10,'玩遊戲','2018-12-20 01:32:53','2018-12-20 01:32:53'),(292,31,4,-10,'玩遊戲','2018-12-20 01:33:10','2018-12-20 01:33:10'),(293,31,4,-10,'玩遊戲','2018-12-20 01:34:12','2018-12-20 01:34:12'),(294,3,2,-10,'玩遊戲','2018-12-20 01:34:29','2018-12-20 01:34:29'),(295,31,4,-10,'玩遊戲','2018-12-20 01:34:31','2018-12-20 01:34:31'),(296,31,4,-10,'玩遊戲','2018-12-20 01:34:59','2018-12-20 01:34:59'),(297,31,4,-10,'玩遊戲','2018-12-20 01:35:20','2018-12-20 01:35:20'),(298,3,2,-1,'購買道具神奇鬧鐘','2018-12-20 01:37:32','2018-12-20 01:37:32'),(299,3,2,-1,'購買道具神奇鬧鐘','2018-12-20 01:37:32','2018-12-20 01:37:32'),(300,3,2,-1,'購買道具神奇鬧鐘','2018-12-20 01:37:33','2018-12-20 01:37:33'),(301,3,2,-1,'購買道具扣分盾牌','2018-12-20 01:37:33','2018-12-20 01:37:33'),(302,3,2,-1,'購買道具神奇鬧鐘','2018-12-20 01:37:33','2018-12-20 01:37:33'),(303,3,2,-1,'購買道具加分神器','2018-12-20 01:37:33','2018-12-20 01:37:33'),(304,3,2,-1,'購買道具加分神器','2018-12-20 01:37:33','2018-12-20 01:37:33'),(305,3,2,-1,'購買道具神奇鬧鐘','2018-12-20 01:37:33','2018-12-20 01:37:33'),(306,3,2,-1,'購買道具加分神器','2018-12-20 01:37:33','2018-12-20 01:37:33'),(307,3,2,-1,'購買道具扣分盾牌','2018-12-20 01:37:33','2018-12-20 01:37:33'),(308,3,2,-1,'購買道具識破眼鏡','2018-12-20 01:37:33','2018-12-20 01:37:33'),(309,3,2,-1,'購買道具扣分盾牌','2018-12-20 01:37:33','2018-12-20 01:37:33'),(310,3,2,-1,'購買道具識破眼鏡','2018-12-20 01:37:33','2018-12-20 01:37:33'),(311,3,2,-1,'購買道具扣分盾牌','2018-12-20 01:37:33','2018-12-20 01:37:33'),(312,3,2,-1,'購買道具識破眼鏡','2018-12-20 01:37:33','2018-12-20 01:37:33'),(313,3,2,-1,'購買道具加分神器','2018-12-20 01:37:33','2018-12-20 01:37:33'),(314,3,2,-1,'購買道具識破眼鏡','2018-12-20 01:37:33','2018-12-20 01:37:33'),(315,3,2,-1,'購買道具加分神器','2018-12-20 01:37:33','2018-12-20 01:37:33'),(316,3,2,-1,'購買道具扣分盾牌','2018-12-20 01:37:33','2018-12-20 01:37:33'),(317,3,2,-1,'購買道具識破眼鏡','2018-12-20 01:37:33','2018-12-20 01:37:33'),(318,3,2,-10,'玩遊戲','2018-12-20 01:37:39','2018-12-20 01:37:39'),(319,3,2,-10,'玩遊戲','2018-12-20 01:39:06','2018-12-20 01:39:06'),(320,3,2,-10,'玩遊戲','2018-12-20 01:40:41','2018-12-20 01:40:41'),(321,3,2,-10,'玩遊戲','2018-12-20 01:41:03','2018-12-20 01:41:03'),(322,3,2,-1,'購買道具加分神器','2018-12-20 01:41:41','2018-12-20 01:41:41'),(323,3,2,-10,'玩遊戲','2018-12-20 01:41:48','2018-12-20 01:41:48'),(324,3,2,-10,'玩遊戲','2018-12-20 01:42:45','2018-12-20 01:42:45'),(325,3,2,-10,'玩遊戲','2018-12-20 01:43:04','2018-12-20 01:43:04'),(326,3,2,-10,'玩遊戲','2018-12-20 01:44:51','2018-12-20 01:44:51'),(327,3,2,-1,'購買道具加分神器','2018-12-20 01:50:10','2018-12-20 01:50:10'),(328,3,2,-1,'購買道具加分神器','2018-12-20 01:50:10','2018-12-20 01:50:10'),(329,3,2,-1,'購買道具加分神器','2018-12-20 01:50:10','2018-12-20 01:50:10'),(330,3,2,-10,'玩遊戲','2018-12-20 01:50:20','2018-12-20 01:50:20'),(331,3,2,-10,'玩遊戲','2018-12-20 01:50:35','2018-12-20 01:50:35'),(332,3,2,-1,'購買道具神奇鬧鐘','2018-12-20 01:51:35','2018-12-20 01:51:35'),(333,3,2,-1,'購買道具神奇鬧鐘','2018-12-20 01:51:35','2018-12-20 01:51:35'),(334,3,2,-1,'購買道具神奇鬧鐘','2018-12-20 01:51:35','2018-12-20 01:51:35'),(335,3,2,-1,'購買道具加分神器','2018-12-20 01:51:36','2018-12-20 01:51:36'),(336,3,2,-1,'購買道具扣分盾牌','2018-12-20 01:51:36','2018-12-20 01:51:36'),(337,3,2,-1,'購買道具神奇鬧鐘','2018-12-20 01:51:36','2018-12-20 01:51:36'),(338,3,2,-1,'購買道具扣分盾牌','2018-12-20 01:51:36','2018-12-20 01:51:36'),(339,3,2,-1,'購買道具加分神器','2018-12-20 01:51:36','2018-12-20 01:51:36'),(340,3,2,-1,'購買道具扣分盾牌','2018-12-20 01:51:36','2018-12-20 01:51:36'),(341,3,2,-1,'購買道具識破眼鏡','2018-12-20 01:51:36','2018-12-20 01:51:36'),(342,3,2,-1,'購買道具扣分盾牌','2018-12-20 01:51:36','2018-12-20 01:51:36'),(343,3,2,-1,'購買道具神奇鬧鐘','2018-12-20 01:51:36','2018-12-20 01:51:36'),(344,3,2,-1,'購買道具識破眼鏡','2018-12-20 01:51:36','2018-12-20 01:51:36'),(345,3,2,-1,'購買道具扣分盾牌','2018-12-20 01:51:36','2018-12-20 01:51:36'),(346,3,2,-1,'購買道具加分神器','2018-12-20 01:51:36','2018-12-20 01:51:36'),(347,3,2,-1,'購買道具加分神器','2018-12-20 01:51:36','2018-12-20 01:51:36'),(348,3,2,-1,'購買道具加分神器','2018-12-20 01:51:36','2018-12-20 01:51:36'),(349,3,2,-1,'購買道具識破眼鏡','2018-12-20 01:51:36','2018-12-20 01:51:36'),(350,3,2,-1,'購買道具識破眼鏡','2018-12-20 01:51:36','2018-12-20 01:51:36'),(351,3,2,-1,'購買道具識破眼鏡','2018-12-20 01:51:36','2018-12-20 01:51:36'),(352,3,2,-1,'購買道具神奇鬧鐘','2018-12-20 01:54:28','2018-12-20 01:54:28'),(353,3,2,-1,'購買道具神奇鬧鐘','2018-12-20 01:54:28','2018-12-20 01:54:28'),(354,3,2,-1,'購買道具神奇鬧鐘','2018-12-20 01:54:28','2018-12-20 01:54:28'),(355,3,2,-1,'購買道具神奇鬧鐘','2018-12-20 01:54:28','2018-12-20 01:54:28'),(356,3,2,-1,'購買道具神奇鬧鐘','2018-12-20 01:54:29','2018-12-20 01:54:29'),(357,3,2,-1,'購買道具神奇鬧鐘','2018-12-20 01:54:29','2018-12-20 01:54:29'),(358,3,2,-1,'購買道具神奇鬧鐘','2018-12-20 01:54:29','2018-12-20 01:54:29'),(359,3,2,-1,'購買道具神奇鬧鐘','2018-12-20 01:54:29','2018-12-20 01:54:29'),(360,3,2,-1,'購買道具神奇鬧鐘','2018-12-20 01:54:29','2018-12-20 01:54:29'),(361,3,2,-1,'購買道具識破眼鏡','2018-12-20 01:54:29','2018-12-20 01:54:29'),(362,3,2,-1,'購買道具加分神器','2018-12-20 01:54:29','2018-12-20 01:54:29'),(363,3,2,-1,'購買道具加分神器','2018-12-20 01:54:29','2018-12-20 01:54:29'),(364,3,2,-1,'購買道具扣分盾牌','2018-12-20 01:54:29','2018-12-20 01:54:29'),(365,3,2,-1,'購買道具加分神器','2018-12-20 01:54:29','2018-12-20 01:54:29'),(366,3,2,-1,'購買道具加分神器','2018-12-20 01:54:29','2018-12-20 01:54:29'),(367,3,2,-1,'購買道具加分神器','2018-12-20 01:54:29','2018-12-20 01:54:29'),(368,3,2,-1,'購買道具加分神器','2018-12-20 01:54:29','2018-12-20 01:54:29'),(369,3,2,-1,'購買道具加分神器','2018-12-20 01:54:29','2018-12-20 01:54:29'),(370,3,2,-1,'購買道具扣分盾牌','2018-12-20 01:54:29','2018-12-20 01:54:29'),(371,3,2,-1,'購買道具識破眼鏡','2018-12-20 01:54:29','2018-12-20 01:54:29'),(372,3,2,-1,'購買道具扣分盾牌','2018-12-20 01:54:29','2018-12-20 01:54:29'),(373,3,2,-1,'購買道具加分神器','2018-12-20 01:54:29','2018-12-20 01:54:29'),(374,3,2,-1,'購買道具扣分盾牌','2018-12-20 01:54:29','2018-12-20 01:54:29'),(375,3,2,-1,'購買道具加分神器','2018-12-20 01:54:29','2018-12-20 01:54:29'),(376,3,2,-1,'購買道具扣分盾牌','2018-12-20 01:54:29','2018-12-20 01:54:29'),(377,3,2,-1,'購買道具識破眼鏡','2018-12-20 01:54:30','2018-12-20 01:54:30'),(378,3,2,-1,'購買道具扣分盾牌','2018-12-20 01:54:30','2018-12-20 01:54:30'),(379,3,2,-1,'購買道具識破眼鏡','2018-12-20 01:54:30','2018-12-20 01:54:30'),(380,3,2,-1,'購買道具識破眼鏡','2018-12-20 01:54:30','2018-12-20 01:54:30'),(381,3,2,-1,'購買道具扣分盾牌','2018-12-20 01:54:30','2018-12-20 01:54:30'),(382,3,2,-1,'購買道具識破眼鏡','2018-12-20 01:54:30','2018-12-20 01:54:30'),(383,3,2,-1,'購買道具扣分盾牌','2018-12-20 01:54:30','2018-12-20 01:54:30'),(384,3,2,-1,'購買道具扣分盾牌','2018-12-20 01:54:30','2018-12-20 01:54:30'),(385,3,2,-1,'購買道具識破眼鏡','2018-12-20 01:54:30','2018-12-20 01:54:30'),(386,3,2,-1,'購買道具識破眼鏡','2018-12-20 01:54:30','2018-12-20 01:54:30'),(387,3,2,-1,'購買道具識破眼鏡','2018-12-20 01:54:30','2018-12-20 01:54:30'),(388,3,2,-1,'購買道具神奇鬧鐘','2018-12-20 01:54:47','2018-12-20 01:54:47'),(389,3,2,-1,'購買道具神奇鬧鐘','2018-12-20 01:54:47','2018-12-20 01:54:47'),(390,3,2,-1,'購買道具神奇鬧鐘','2018-12-20 01:54:47','2018-12-20 01:54:47'),(391,3,2,-1,'購買道具神奇鬧鐘','2018-12-20 01:54:47','2018-12-20 01:54:47'),(392,3,2,-1,'購買道具神奇鬧鐘','2018-12-20 01:54:47','2018-12-20 01:54:47'),(393,3,2,-1,'購買道具扣分盾牌','2018-12-20 01:54:47','2018-12-20 01:54:47'),(394,3,2,-1,'購買道具神奇鬧鐘','2018-12-20 01:54:47','2018-12-20 01:54:47'),(395,3,2,-1,'購買道具神奇鬧鐘','2018-12-20 01:54:47','2018-12-20 01:54:47'),(396,3,2,-1,'購買道具神奇鬧鐘','2018-12-20 01:54:47','2018-12-20 01:54:47'),(397,3,2,-1,'購買道具扣分盾牌','2018-12-20 01:54:47','2018-12-20 01:54:47'),(398,3,2,-1,'購買道具神奇鬧鐘','2018-12-20 01:54:47','2018-12-20 01:54:47'),(399,3,2,-1,'購買道具扣分盾牌','2018-12-20 01:54:47','2018-12-20 01:54:47'),(400,3,2,-1,'購買道具扣分盾牌','2018-12-20 01:54:48','2018-12-20 01:54:48'),(401,3,2,-1,'購買道具扣分盾牌','2018-12-20 01:54:48','2018-12-20 01:54:48'),(402,3,2,-1,'購買道具加分神器','2018-12-20 01:54:48','2018-12-20 01:54:48'),(403,3,2,-1,'購買道具扣分盾牌','2018-12-20 01:54:48','2018-12-20 01:54:48'),(404,3,2,-1,'購買道具扣分盾牌','2018-12-20 01:54:48','2018-12-20 01:54:48'),(405,3,2,-1,'購買道具加分神器','2018-12-20 01:54:48','2018-12-20 01:54:48'),(406,3,2,-1,'購買道具加分神器','2018-12-20 01:54:48','2018-12-20 01:54:48'),(407,3,2,-1,'購買道具加分神器','2018-12-20 01:54:48','2018-12-20 01:54:48'),(408,3,2,-1,'購買道具加分神器','2018-12-20 01:54:48','2018-12-20 01:54:48'),(409,3,2,-1,'購買道具扣分盾牌','2018-12-20 01:54:48','2018-12-20 01:54:48'),(410,3,2,-1,'購買道具扣分盾牌','2018-12-20 01:54:48','2018-12-20 01:54:48'),(411,3,2,-1,'購買道具加分神器','2018-12-20 01:54:48','2018-12-20 01:54:48'),(412,3,2,-1,'購買道具識破眼鏡','2018-12-20 01:54:48','2018-12-20 01:54:48'),(413,3,2,-1,'購買道具加分神器','2018-12-20 01:54:48','2018-12-20 01:54:48'),(414,3,2,-1,'購買道具識破眼鏡','2018-12-20 01:54:48','2018-12-20 01:54:48'),(415,3,2,-1,'購買道具識破眼鏡','2018-12-20 01:54:48','2018-12-20 01:54:48'),(416,3,2,-1,'購買道具識破眼鏡','2018-12-20 01:54:48','2018-12-20 01:54:48'),(417,3,2,-1,'購買道具識破眼鏡','2018-12-20 01:54:48','2018-12-20 01:54:48'),(418,3,2,-1,'購買道具加分神器','2018-12-20 01:54:48','2018-12-20 01:54:48'),(419,3,2,-1,'購買道具識破眼鏡','2018-12-20 01:54:48','2018-12-20 01:54:48'),(420,3,2,-1,'購買道具識破眼鏡','2018-12-20 01:54:49','2018-12-20 01:54:49'),(421,3,2,-1,'購買道具加分神器','2018-12-20 01:54:49','2018-12-20 01:54:49'),(422,3,2,-1,'購買道具識破眼鏡','2018-12-20 01:54:49','2018-12-20 01:54:49'),(423,3,2,-1,'購買道具識破眼鏡','2018-12-20 01:54:49','2018-12-20 01:54:49'),(424,3,2,-10,'玩遊戲','2018-12-20 01:59:30','2018-12-20 01:59:30'),(425,29,3,-10,'玩遊戲','2018-12-20 02:04:39','2018-12-20 02:04:39'),(426,31,4,-50,'購買道具小羊','2018-12-20 02:05:19','2018-12-20 02:05:19'),(427,31,4,-50,'購買道具牛','2018-12-20 02:05:32','2018-12-20 02:05:32'),(428,29,3,-10,'玩遊戲','2018-12-20 02:08:46','2018-12-20 02:08:46'),(429,3,2,-10,'玩遊戲','2018-12-20 02:11:26','2018-12-20 02:11:26'),(430,3,2,-1,'購買道具神奇鬧鐘','2018-12-20 02:11:36','2018-12-20 02:11:36'),(431,31,4,-20,'購買道具蝸牛','2018-12-20 02:11:57','2018-12-20 02:11:57'),(432,31,4,-40,'購買道具墨鏡','2018-12-20 02:13:30','2018-12-20 02:13:30'),(433,31,4,-40,'購買道具鳥','2018-12-20 02:13:36','2018-12-20 02:13:36'),(434,31,4,-10,'購買道具大樹','2018-12-20 02:13:56','2018-12-20 02:13:56'),(435,31,4,-20,'購買道具房子','2018-12-20 02:14:02','2018-12-20 02:14:02'),(436,3,2,-10,'玩遊戲','2018-12-20 02:20:33','2018-12-20 02:20:33'),(437,31,4,-30,'購買道具氣球','2018-12-20 02:25:10','2018-12-20 02:25:10'),(438,31,4,-40,'購買道具鳥','2018-12-20 02:25:12','2018-12-20 02:25:12'),(439,31,4,-10,'購買道具蝴蝶結','2018-12-20 02:25:30','2018-12-20 02:25:30'),(440,31,4,-20,'購買道具蝸牛','2018-12-20 02:25:38','2018-12-20 02:25:38'),(441,31,4,-10,'購買道具大樹','2018-12-20 02:26:51','2018-12-20 02:26:51'),(442,31,4,-20,'購買道具房子','2018-12-20 02:26:53','2018-12-20 02:26:53'),(443,31,4,-20,'購買道具帽子','2018-12-20 02:27:00','2018-12-20 02:27:00'),(444,3,2,-1,'購買道具扣分盾牌','2018-12-20 02:39:01','2018-12-20 02:39:01'),(445,3,2,-1,'購買道具扣分盾牌','2018-12-20 02:39:01','2018-12-20 02:39:01'),(446,32,5,500,'儲值','2018-12-20 02:41:47','2018-12-20 02:41:47'),(447,32,4,-10,'玩遊戲','2018-12-20 02:42:05','2018-12-20 02:42:05'),(448,32,4,-10,'玩遊戲','2018-12-20 02:42:16','2018-12-20 02:42:16'),(449,32,4,-10,'玩遊戲','2018-12-20 02:42:30','2018-12-20 02:42:30'),(450,32,4,-10,'玩遊戲','2018-12-20 02:42:43','2018-12-20 02:42:43'),(451,32,4,-10,'玩遊戲','2018-12-20 02:43:03','2018-12-20 02:43:03'),(452,32,4,-10,'玩遊戲','2018-12-20 02:43:14','2018-12-20 02:43:14'),(453,32,4,-10,'玩遊戲','2018-12-20 02:43:24','2018-12-20 02:43:24'),(454,32,4,-10,'玩遊戲','2018-12-20 02:43:41','2018-12-20 02:43:41'),(455,3,2,-10,'玩遊戲','2018-12-20 02:48:37','2018-12-20 02:48:37'),(456,11,4,-10,'玩遊戲','2018-12-20 02:49:21','2018-12-20 02:49:21'),(457,3,2,-10,'玩遊戲','2018-12-20 02:49:24','2018-12-20 02:49:24'),(458,11,4,-10,'玩遊戲','2018-12-20 02:49:34','2018-12-20 02:49:34'),(459,11,4,-10,'購買道具蝴蝶結','2018-12-20 02:50:07','2018-12-20 02:50:07'),(460,11,4,-20,'購買道具帽子','2018-12-20 02:50:56','2018-12-20 02:50:56'),(461,11,4,-20,'購買道具房子','2018-12-20 02:51:10','2018-12-20 02:51:10'),(462,16,4,-10,'玩遊戲','2018-12-20 02:51:58','2018-12-20 02:51:58'),(463,16,4,-10,'玩遊戲','2018-12-20 02:52:10','2018-12-20 02:52:10'),(464,16,4,-10,'玩遊戲','2018-12-20 02:52:21','2018-12-20 02:52:21'),(465,16,4,-10,'玩遊戲','2018-12-20 02:54:55','2018-12-20 02:54:55'),(466,16,4,-10,'玩遊戲','2018-12-20 02:55:06','2018-12-20 02:55:06'),(467,16,4,-10,'購買道具蝴蝶結','2018-12-20 02:57:45','2018-12-20 02:57:45'),(468,16,4,-50,'購買道具牛','2018-12-20 02:57:47','2018-12-20 02:57:47'),(469,16,4,-10,'購買道具大樹','2018-12-20 02:57:50','2018-12-20 02:57:50'),(470,16,4,-50,'購買道具小羊','2018-12-20 02:57:52','2018-12-20 02:57:52'),(471,1,4,-20,'購買道具帽子','2018-12-20 03:00:37','2018-12-20 03:00:37'),(472,1,4,-40,'購買道具鳥','2018-12-20 03:00:39','2018-12-20 03:00:39'),(473,1,4,-20,'購買道具蝸牛','2018-12-20 03:00:41','2018-12-20 03:00:41'),(474,1,4,-30,'購買道具氣球','2018-12-20 03:00:43','2018-12-20 03:00:43'),(475,3,2,-10,'玩遊戲','2018-12-20 03:02:25','2018-12-20 03:02:25'),(476,3,2,-10,'玩遊戲','2018-12-20 03:02:51','2018-12-20 03:02:51'),(477,1,2,-1,'購買道具扣分盾牌','2018-12-20 03:03:45','2018-12-20 03:03:45'),(478,1,2,-1,'購買道具神奇鬧鐘','2018-12-20 03:03:45','2018-12-20 03:03:45'),(479,1,2,-1,'購買道具神奇鬧鐘','2018-12-20 03:05:31','2018-12-20 03:05:31'),(480,1,2,-1,'購買道具神奇鬧鐘','2018-12-20 03:05:31','2018-12-20 03:05:31'),(481,1,2,-1,'購買道具神奇鬧鐘','2018-12-20 03:05:31','2018-12-20 03:05:31'),(482,1,2,-1,'購買道具扣分盾牌','2018-12-20 03:05:31','2018-12-20 03:05:31'),(483,1,2,-1,'購買道具神奇鬧鐘','2018-12-20 03:05:31','2018-12-20 03:05:31'),(484,1,2,-1,'購買道具識破眼鏡','2018-12-20 03:05:31','2018-12-20 03:05:31'),(485,1,2,-1,'購買道具神奇鬧鐘','2018-12-20 03:05:31','2018-12-20 03:05:31'),(486,1,2,-1,'購買道具扣分盾牌','2018-12-20 03:05:31','2018-12-20 03:05:31'),(487,1,2,-1,'購買道具加分神器','2018-12-20 03:05:31','2018-12-20 03:05:31'),(488,1,2,-1,'購買道具加分神器','2018-12-20 03:05:31','2018-12-20 03:05:31'),(489,1,2,-1,'購買道具加分神器','2018-12-20 03:05:31','2018-12-20 03:05:31'),(490,1,2,-1,'購買道具識破眼鏡','2018-12-20 03:05:31','2018-12-20 03:05:31'),(491,1,2,-1,'購買道具識破眼鏡','2018-12-20 03:05:31','2018-12-20 03:05:31'),(492,1,2,-1,'購買道具識破眼鏡','2018-12-20 03:05:31','2018-12-20 03:05:31'),(493,1,2,-10,'玩遊戲','2018-12-20 03:06:36','2018-12-20 03:06:36'),(494,29,3,-10,'玩遊戲','2018-12-20 03:12:01','2018-12-20 03:12:01'),(495,1,2,-10,'玩遊戲','2018-12-20 03:34:05','2018-12-20 03:34:05'),(496,1,2,-10,'玩遊戲','2018-12-20 03:36:24','2018-12-20 03:36:24'),(497,1,2,-10,'玩遊戲','2018-12-20 03:38:05','2018-12-20 03:38:05'),(498,29,3,-10,'玩遊戲','2018-12-20 04:41:07','2018-12-20 04:41:07'),(499,29,3,-10,'玩遊戲','2018-12-20 04:42:49','2018-12-20 04:42:49'),(500,1,5,1111,'儲值','2018-12-20 05:43:20','2018-12-20 05:43:20'),(501,1,2,-10,'玩遊戲','2018-12-20 06:06:43','2018-12-20 06:06:43'),(502,1,2,-10,'玩遊戲','2018-12-20 06:16:26','2018-12-20 06:16:26'),(503,1,2,-10,'玩遊戲','2018-12-20 06:16:44','2018-12-20 06:16:44'),(504,1,2,-10,'玩遊戲','2018-12-20 06:17:40','2018-12-20 06:17:40'),(505,1,2,-10,'玩遊戲','2018-12-20 06:19:53','2018-12-20 06:19:53'),(506,1,4,-10,'玩遊戲','2018-12-20 06:35:50','2018-12-20 06:35:50'),(507,6,3,-100,'購買道具造型8','2018-12-20 06:41:50','2018-12-20 06:41:50'),(508,6,3,-100,'購買道具造型6','2018-12-20 06:41:54','2018-12-20 06:41:54'),(509,6,3,-10,'玩遊戲','2018-12-20 06:42:06','2018-12-20 06:42:06'),(510,6,3,-100,'購買道具造型3','2018-12-20 06:43:47','2018-12-20 06:43:47'),(511,6,3,-10,'玩遊戲','2018-12-20 06:43:53','2018-12-20 06:43:53'),(512,1,3,-100,'購買道具造型2','2018-12-20 06:45:51','2018-12-20 06:45:51'),(513,1,3,-100,'購買道具造型4','2018-12-20 06:45:53','2018-12-20 06:45:53'),(514,1,3,-100,'購買道具造型5','2018-12-20 06:45:55','2018-12-20 06:45:55'),(515,1,3,-100,'購買道具造型6','2018-12-20 06:45:56','2018-12-20 06:45:56'),(516,1,3,-100,'購買道具造型9','2018-12-20 06:45:57','2018-12-20 06:45:57'),(517,1,3,-100,'購買道具造型8','2018-12-20 06:45:59','2018-12-20 06:45:59'),(518,1,3,-100,'購買道具造型7','2018-12-20 06:46:00','2018-12-20 06:46:00'),(519,1,4,-10,'購買道具大樹','2018-12-20 06:46:16','2018-12-20 06:46:16'),(520,1,4,-50,'購買道具牛','2018-12-20 06:46:18','2018-12-20 06:46:18'),(521,1,4,-20,'購買道具房子','2018-12-20 06:46:20','2018-12-20 06:46:20'),(522,1,3,-10,'玩遊戲','2018-12-20 06:46:30','2018-12-20 06:46:30'),(523,10,4,-10,'購買道具大樹','2018-12-20 06:48:02','2018-12-20 06:48:02'),(524,10,4,-20,'購買道具房子','2018-12-20 06:48:03','2018-12-20 06:48:03'),(525,10,4,-20,'購買道具蝸牛','2018-12-20 06:48:14','2018-12-20 06:48:14'),(526,19,3,-10,'玩遊戲','2018-12-20 06:49:32','2018-12-20 06:49:32'),(527,3,2,-10,'玩遊戲','2018-12-20 06:51:06','2018-12-20 06:51:06'),(528,10,4,-50,'購買道具小羊','2018-12-20 06:51:35','2018-12-20 06:51:35'),(529,10,4,-30,'購買道具氣球','2018-12-20 06:51:43','2018-12-20 06:51:43'),(530,10,4,-10,'玩遊戲','2018-12-20 06:51:47','2018-12-20 06:51:47'),(531,33,5,500,'儲值','2018-12-20 06:51:52','2018-12-20 06:51:52'),(532,10,4,-10,'玩遊戲','2018-12-20 06:52:07','2018-12-20 06:52:07'),(533,33,3,-10,'玩遊戲','2018-12-20 06:52:13','2018-12-20 06:52:13'),(534,10,4,-20,'購買道具帽子','2018-12-20 06:52:30','2018-12-20 06:52:30'),(535,10,4,-10,'購買道具蝴蝶結','2018-12-20 06:52:32','2018-12-20 06:52:32'),(536,10,4,-40,'購買道具墨鏡','2018-12-20 06:52:35','2018-12-20 06:52:35'),(537,33,3,-100,'購買道具造型4','2018-12-20 06:54:33','2018-12-20 06:54:33'),(538,33,3,-100,'購買道具造型7','2018-12-20 06:54:35','2018-12-20 06:54:35'),(539,33,3,-100,'購買道具造型2','2018-12-20 06:54:38','2018-12-20 06:54:38'),(540,33,3,-100,'購買道具造型6','2018-12-20 06:54:40','2018-12-20 06:54:40'),(541,34,5,500,'儲值','2018-12-20 06:54:55','2018-12-20 06:54:55'),(542,33,3,-10,'玩遊戲','2018-12-20 06:54:58','2018-12-20 06:54:58'),(543,1,4,-10,'購買道具蝴蝶結','2018-12-20 07:03:18','2018-12-20 07:03:18'),(544,1,4,-40,'購買道具墨鏡','2018-12-20 07:03:19','2018-12-20 07:03:19'),(545,35,5,500,'儲值','2018-12-20 07:13:07','2018-12-20 07:13:07'),(546,35,4,-10,'購買道具蝴蝶結','2018-12-20 07:13:28','2018-12-20 07:13:28'),(547,35,4,-50,'購買道具小羊','2018-12-20 07:13:29','2018-12-20 07:13:29'),(548,35,4,-10,'購買道具大樹','2018-12-20 07:13:32','2018-12-20 07:13:32'),(549,35,4,-20,'購買道具房子','2018-12-20 07:13:34','2018-12-20 07:13:34'),(550,35,4,-50,'購買道具牛','2018-12-20 07:13:36','2018-12-20 07:13:36'),(551,34,2,-10,'玩遊戲','2018-12-20 07:18:34','2018-12-20 07:18:34'),(552,35,4,-40,'購買道具墨鏡','2018-12-20 07:19:33','2018-12-20 07:19:33'),(553,35,4,-20,'購買道具帽子','2018-12-20 07:19:35','2018-12-20 07:19:35'),(554,34,2,-20,'購買道具神奇鬧鐘','2018-12-20 07:20:38','2018-12-20 07:20:38'),(555,34,2,-20,'購買道具神奇鬧鐘','2018-12-20 07:20:38','2018-12-20 07:20:38'),(556,34,2,-20,'購買道具神奇鬧鐘','2018-12-20 07:20:38','2018-12-20 07:20:38'),(557,34,2,-20,'購買道具神奇鬧鐘','2018-12-20 07:20:38','2018-12-20 07:20:38'),(558,34,2,-20,'購買道具神奇鬧鐘','2018-12-20 07:20:38','2018-12-20 07:20:38'),(559,34,2,-20,'購買道具加分神器','2018-12-20 07:20:43','2018-12-20 07:20:43'),(560,34,2,-20,'購買道具加分神器','2018-12-20 07:20:43','2018-12-20 07:20:43'),(561,34,2,-20,'購買道具加分神器','2018-12-20 07:20:43','2018-12-20 07:20:43'),(562,34,2,-20,'購買道具加分神器','2018-12-20 07:20:43','2018-12-20 07:20:43'),(563,34,2,-20,'購買道具加分神器','2018-12-20 07:20:43','2018-12-20 07:20:43'),(564,36,5,500,'儲值','2018-12-20 07:24:28','2018-12-20 07:24:28'),(565,33,3,-10,'玩遊戲','2018-12-20 08:24:26','2018-12-20 08:24:26'),(566,33,3,-10,'玩遊戲','2018-12-20 08:26:04','2018-12-20 08:26:04'),(567,1,4,-50,'購買道具小羊','2018-12-20 08:37:46','2018-12-20 08:37:46'),(568,34,2,-10,'玩遊戲','2018-12-20 09:36:19','2018-12-20 09:36:19'),(569,34,2,-20,'購買道具扣分盾牌','2018-12-20 09:37:51','2018-12-20 09:37:51'),(570,34,2,-20,'購買道具神奇鬧鐘','2018-12-20 09:37:51','2018-12-20 09:37:51'),(571,34,2,-20,'購買道具加分神器','2018-12-20 09:37:51','2018-12-20 09:37:51'),(572,34,2,-20,'購買道具識破眼鏡','2018-12-20 09:37:51','2018-12-20 09:37:51'),(573,34,2,-10,'玩遊戲','2018-12-20 09:38:06','2018-12-20 09:38:06'),(574,37,5,500,'儲值','2018-12-20 09:41:42','2018-12-20 09:41:42'),(575,37,4,-10,'玩遊戲','2018-12-20 09:43:12','2018-12-20 09:43:12'),(576,37,4,-10,'購買道具蝴蝶結','2018-12-20 09:44:52','2018-12-20 09:44:52'),(577,37,4,-50,'購買道具小羊','2018-12-20 09:45:01','2018-12-20 09:45:01'),(578,37,4,-40,'購買道具墨鏡','2018-12-20 09:45:04','2018-12-20 09:45:04'),(579,37,4,-20,'購買道具房子','2018-12-20 09:45:07','2018-12-20 09:45:07'),(580,37,4,-50,'購買道具牛','2018-12-20 09:45:09','2018-12-20 09:45:09'),(581,37,4,-10,'玩遊戲','2018-12-20 09:45:56','2018-12-20 09:45:56'),(582,33,3,-10,'玩遊戲','2018-12-20 09:54:05','2018-12-20 09:54:05'),(583,33,3,-10,'玩遊戲','2018-12-20 09:57:43','2018-12-20 09:57:43'),(584,38,5,500,'儲值','2018-12-20 10:00:39','2018-12-20 10:00:39'),(585,38,3,-100,'購買道具造型3','2018-12-20 10:01:08','2018-12-20 10:01:08'),(586,38,3,-100,'購買道具造型1','2018-12-20 10:01:11','2018-12-20 10:01:11'),(587,38,3,-100,'購買道具造型8','2018-12-20 10:01:14','2018-12-20 10:01:14'),(588,38,3,-10,'玩遊戲','2018-12-20 10:01:29','2018-12-20 10:01:29'),(589,1,4,-10,'玩遊戲','2018-12-20 10:05:29','2018-12-20 10:05:29'),(590,1,4,-10,'玩遊戲','2018-12-20 10:05:41','2018-12-20 10:05:41'),(591,1,4,-10,'玩遊戲','2018-12-20 10:05:50','2018-12-20 10:05:50'),(592,1,4,-10,'玩遊戲','2018-12-20 10:07:37','2018-12-20 10:07:37'),(593,1,4,-10,'玩遊戲','2018-12-20 10:07:47','2018-12-20 10:07:47'),(594,1,4,-10,'玩遊戲','2018-12-20 10:08:04','2018-12-20 10:08:04'),(595,1,4,-10,'玩遊戲','2018-12-20 10:08:28','2018-12-20 10:08:28'),(596,1,4,-10,'玩遊戲','2018-12-20 10:09:09','2018-12-20 10:09:09'),(597,1,4,-10,'玩遊戲','2018-12-20 10:09:42','2018-12-20 10:09:42'),(598,1,4,-10,'玩遊戲','2018-12-20 10:09:59','2018-12-20 10:09:59'),(599,1,4,-10,'玩遊戲','2018-12-20 10:25:00','2018-12-20 10:25:00'),(600,1,4,-10,'玩遊戲','2018-12-24 03:41:35','2018-12-24 03:41:35'),(601,1,4,-10,'玩遊戲','2018-12-24 03:41:49','2018-12-24 03:41:49'),(602,1,4,-10,'玩遊戲','2018-12-24 03:44:42','2018-12-24 03:44:42'),(603,1,4,-10,'玩遊戲','2018-12-24 03:45:06','2018-12-24 03:45:06'),(604,1,4,-10,'玩遊戲','2018-12-24 08:49:40','2018-12-24 08:49:40'),(605,1,4,-10,'玩遊戲','2018-12-24 08:50:21','2018-12-24 08:50:21'),(606,1,4,-10,'玩遊戲','2018-12-24 08:54:06','2018-12-24 08:54:06'),(607,1,4,-10,'玩遊戲','2018-12-24 08:54:20','2018-12-24 08:54:20'),(608,1,4,-10,'玩遊戲','2018-12-24 08:54:21','2018-12-24 08:54:21'),(609,1,4,-10,'玩遊戲','2018-12-24 09:00:39','2018-12-24 09:00:39'),(610,1,4,-10,'玩遊戲','2018-12-24 09:00:42','2018-12-24 09:00:42'),(611,1,4,-10,'玩遊戲','2018-12-24 09:00:44','2018-12-24 09:00:44'),(612,1,4,-10,'玩遊戲','2018-12-24 09:01:00','2018-12-24 09:01:00');
/*!40000 ALTER TABLE `transactions` ENABLE KEYS */;
UNLOCK TABLES;

--
-- Table structure for table `users`
--

DROP TABLE IF EXISTS `users`;
/*!40101 SET @saved_cs_client     = @@character_set_client */;
/*!40101 SET character_set_client = utf8 */;
CREATE TABLE `users` (
  `id` int(10) unsigned NOT NULL AUTO_INCREMENT,
  `name` varchar(255) COLLATE utf8mb4_unicode_ci NOT NULL,
  `email` varchar(255) COLLATE utf8mb4_unicode_ci NOT NULL,
  `balance` int(11) DEFAULT '500',
  `email_verified_at` timestamp NULL DEFAULT NULL,
  `password` varchar(255) COLLATE utf8mb4_unicode_ci NOT NULL,
  `api_token` varchar(255) COLLATE utf8mb4_unicode_ci DEFAULT NULL,
  `remember_token` varchar(100) COLLATE utf8mb4_unicode_ci DEFAULT NULL,
  `created_at` timestamp NULL DEFAULT NULL,
  `updated_at` timestamp NULL DEFAULT NULL,
  PRIMARY KEY (`id`),
  UNIQUE KEY `users_email_unique` (`email`),
  UNIQUE KEY `users_api_token_unique` (`api_token`)
) ENGINE=InnoDB AUTO_INCREMENT=39 DEFAULT CHARSET=utf8mb4 COLLATE=utf8mb4_unicode_ci;
/*!40101 SET character_set_client = @saved_cs_client */;

--
-- Dumping data for table `users`
--

LOCK TABLES `users` WRITE;
/*!40000 ALTER TABLE `users` DISABLE KEYS */;
INSERT INTO `users` VALUES (1,'jett','jett@example.com',10000162,NULL,'$2y$10$Yv9PKRPBmBfV.dPJn7tchu2ump7eZTAkY9cHXH1JhuDfKn87dx8wm','KY5ABPKzf2lU6jWao7iPtYKIZTSlRE1lBm8Dg5ZJkQXALKvLzxYdTAfUkufoDbuA','VZGhwjc5UZAFdTeSpHfBwIOgzxSVCc9vvNNZxwzUdJIiCTKXzMMztbY9Ac5A','2018-12-18 19:51:45','2018-12-24 09:53:58'),(2,'ttt','ttt@ttt.com',500,NULL,'$2y$10$Zs9NMPUbe7WGptkB9O7DM.QH7C5/ryd4D6iaOUgsufHQ6PnVcU75.','moYS5Y5WQ68BNiQrvK6x0qv6M62MaT3YUAYhjdQrra1YJehlhBi6ARSQWfDZJXZd',NULL,'2018-12-18 19:56:25','2018-12-19 00:56:16'),(3,'aries','dk.aries10@gmail.com',335,NULL,'$2y$10$40TyPwGo4BAzduwdDIj3Y.cIW8JsQPW/DetUIyMF7N2lnI.2CMCv2',NULL,NULL,'2018-12-18 20:20:19','2018-12-20 09:25:21'),(4,'iii','iii@iii.com',90,NULL,'$2y$10$jf5Hf1nmY8oF97MxVkwVJOHyqMZZOV0Pv3SM/9HX.kDvexJ6jib6m','87VBmGK1o3Za6kD4lkvLyjVDhOYTr5Ihafhf5DvxbyIocz8USwh5MVeEWZO22aMI',NULL,'2018-12-19 01:23:47','2018-12-19 20:52:00'),(5,'don','don@don.com',500,NULL,'$2y$10$ls7FBST8DyZKP9t1bM2Fpu0yyO3pDZCjqarQKcDRnRhNnhm0sQkaq',NULL,NULL,'2018-12-19 02:34:22','2018-12-19 02:34:22'),(6,'eee','eee@eee.com',180,NULL,'$2y$10$1RcCD4TrE2eyG.re7EqPmug9QEU/QZ7Wzz9B1rwHdMOYFGDwU2F3C','CHkWnNc5vWkegWNMvtT61GORVm2hhIVQhiMZ3xev4blZDTqEMtISACn6MiSeD01s',NULL,'2018-12-19 02:38:07','2018-12-20 06:43:53'),(7,'ooo','ooo@ooo.com',500,NULL,'$2y$10$1VSgNJcFaQ2LozNIZ2U9FOpSn./BItGATRVTV0TAsdlE7eBqs2Xvm','oleFbXabLF7ZIwYaRJBVrwL9WubPl1j25UzDQrr5guqWDKXweoM6mXUS8TwRfeSl',NULL,'2018-12-19 02:42:16','2018-12-19 02:42:22'),(8,'jett','jett1@example.com',500,NULL,'$2y$10$FC3a8.bBkRrS.hzKVA/jhuXLFZw2UYa0m5uuAK3mc2E6HnYFnF19G',NULL,NULL,'2018-12-19 02:45:36','2018-12-19 02:45:36'),(9,'aaaa','aaa@aaaa.com',500,NULL,'$2y$10$TrfnjB8Sc7gkOKzcDb.gWuM1cM6Yd2aVe.cpBovBU3PJuZoyaZ5oK',NULL,NULL,'2018-12-19 02:48:20','2018-12-19 03:17:57'),(10,'aa','aa@b.c',280,NULL,'$2y$10$2Nz563SNqepSD.oQmS.l6.cEvlgXf92z4Vu9TlqAlAnRL/bBOlVSm','by0ov14PoV1HPXIPTGBTBBin4OpJWi5haZvxw7UL0EYkkDgzFXRDNMSzA4RXCOwy',NULL,'2018-12-19 03:15:54','2018-12-20 06:52:35'),(11,'hh','hh@h.h',430,NULL,'$2y$10$YCkJnjb0gYIICvioE.Rj6e1HSK6S3.m4JHnnAaSibItMZ7hjQrCh6',NULL,NULL,'2018-12-19 03:16:31','2018-12-20 02:51:18'),(12,'Don','don2@don.com',500,NULL,'$2y$10$tjUzk3sUJAZTX7SYWVeJSuAGhjsDQMZ1NnR3yCw8Yef7WqKMLKc7a',NULL,NULL,'2018-12-19 03:18:28','2018-12-19 03:18:28'),(13,'don','don3@gmail.com',470,NULL,'$2y$10$GQjbog1F2Ew6tsZTU80Aae.bcJOCsQiUG7nUehO3IFSz9.a5bnzbK','XwMbijDYORUb7F2AWEqZejFpxjcG9Oad7J0v613Z1lkvGeJlF6m4Oz3JZwyQujsh',NULL,'2018-12-19 03:19:56','2018-12-19 03:24:32'),(14,'q','q@q.q',500,NULL,'$2y$10$I93RzpJY9rFAoaBpwLIItOmRWvWto/5tZqVtAcVOo4NvgbuwWFtB6',NULL,NULL,'2018-12-19 03:20:31','2018-12-19 03:20:31'),(15,'don','don4@gmail.com',490,NULL,'$2y$10$NeRQ70VXSEXGI/uCs96K1O2LBduX33IIprhaU1fniboN5FWpby3sm','0sgQRffI6ZYEa8sXSrnh7gs6WbC8W8Bg4lUoKgRjwaG5YcQfZOkvajSjHQvMRZyY',NULL,'2018-12-19 03:22:27','2018-12-19 03:23:19'),(16,'o','o@o.o',330,NULL,'$2y$10$rSKMRg0Go5X40fnXJNnoKekj1tDJObcR5l77WVMUdDYULhhL0G0FS',NULL,NULL,'2018-12-19 03:23:09','2018-12-20 03:02:41'),(17,'don','don5@gmail.com',470,NULL,'$2y$10$QXf0MjMzCJMB7DqUb45ZZ.udIw60P.Y9XzkNguSsx4bv3QfGAE7R2',NULL,NULL,'2018-12-19 03:26:05','2018-12-19 03:27:45'),(18,'test','test@example.com',495,NULL,'$2y$10$0Cw2wMXAIseoQ0QwCc//JuTkUYR5ndJXE6uX3P4uC15jr9w0kjEF2','FbDVg0NjscgksLAKjSf9lzT4kpb4itDQF4YNgdZo4zlZN4rEUZQ5WG43ohBrArft',NULL,'2018-12-19 09:42:34','2018-12-20 00:49:26'),(19,'qqq','qqq@qqq.com',250,NULL,'$2y$10$YPccQzJx.ENIkvObnUyRPOcVN2.Y.MSyemgeXmvXmHpB11OxHeALW','eo65eSRdY58eedI25AZrWHXW2LWkKFLjpMivqJt5wF2DaKIgAV9Cj2iMWAcsR8EE',NULL,'2018-12-19 16:02:32','2018-12-20 06:49:31'),(20,'rrr','rrr@rrr.com',69790,NULL,'$2y$10$qaUWPa82HpNEkqx1ejmlNepWcuIfOTRX03Tz7SZvvRfnhUvYxvgzO','OAtWzbttxzLTnpUvvwuYnqvCEOSDrRGtqO1pwzPMJ7oBUMYyIm6kNoRp9uE2vN8w',NULL,'2018-12-19 16:41:51','2018-12-19 18:14:08'),(21,'uuu','uuu@uuu.com',80,NULL,'$2y$10$t0qJpktIB6o96.6Z9y7ABeNF0W8vqAKv1oEgEmeaOBG/FCmRuZX9u','B1Cmq8uczUdd0GYaCE2k9L7Knt8U0u5etCe2fAzr4SOU0QutUsZ9mzWbSkhdXTFC',NULL,'2018-12-19 18:20:44','2018-12-19 18:28:24'),(22,'fff','fff@fff.com',500,NULL,'$2y$10$UI7uinqD1XW7AK2KWWDaE.NBgNQdS09.H0utZr.aw1IHGpzZ16S4K','u29dDr5I5FdKrTBWK4ahrZUC3H6ina3SS77Cs4hoTBrVgnqT3qLQkcLY20gOOvuo',NULL,'2018-12-19 20:53:21','2018-12-19 20:53:28'),(23,'aaa','aaa@aaa.com',500,NULL,'$2y$10$1oadlng7TUwpbNxrM8ryQ.a4NbvMORRxY93o.XDKW6bvxatiLAIru','ixLPTbhWMHjnD6uIEHuDCHqDzx6cTO1zctLlBwEMeGdEzoUxkISvU9w2wgktG7sf',NULL,'2018-12-19 20:59:56','2018-12-19 20:59:59'),(24,'vvv','vvv@vvv.com',490,NULL,'$2y$10$YXUKsgLWpLGt4ubR6l6QyeuBQkMgad376u/PAxajkwhxPMKrFfEkm','V5PzHtiqTn7a0vXhKhRrMxBptTjQBhjZOVKdINFURD7wLAIE8rBXrVLxQbmVUfDF',NULL,'2018-12-19 22:55:34','2018-12-19 23:01:08'),(25,'a','a@b.c',350,NULL,'$2y$10$AVbcJghnBVXMwqojmLoXVOS/zyk8nSwGJYhj6MQmuh6Op/YVF0Fwm',NULL,NULL,'2018-12-19 22:59:10','2018-12-20 01:02:31'),(26,'ppp','ppp@ppp.com',490,NULL,'$2y$10$dTORgy7bg0bXGuNhqV7nVumru3.BZmnMV6HBUdH.f0t/NRS5BLaWK','aC9ed1Tbb2et9XdnrOiz9uVYeHw93Ul7GpA769ly0uJ1CjpieRj4Rix7IqQ6uH3R',NULL,'2018-12-19 23:16:32','2018-12-19 23:17:08'),(27,'sss','sss@sss.com',500,NULL,'$2y$10$Rlhmn1QSS5hgSc0VvQprR.GmXQzouegcz5QjrTXWu2IxhSAOWnbVa',NULL,NULL,'2018-12-19 23:50:12','2018-12-19 23:50:12'),(28,'zzz','zzz@zzz.com',480,NULL,'$2y$10$Jw7keuoJaUZjkIu4EWIDmuhx.zLju3T6j3VPuhn7Fz9r1IbwJ1j3q','PfyMxNXPlJDGZe3Q3Os0o1JRxItfTfTd2QFj31jGWgQxyEdvKOKPhfdL1QSLQJFX',NULL,'2018-12-19 23:52:28','2018-12-19 23:53:43'),(29,'bbb','bbb@bbb.com',999709,NULL,'$2y$10$zmkYX6Rd2TFy/g4pQ.7o9e/90pnI50UXqZw2xZkW35Q5KfOM8ZeCq','DUECxchMWNPLotNxTA6KCo8OoBOla9XxxFsi0iiIXuRhUtjLCBCJIxocsXsEyQus',NULL,'2018-12-20 00:23:10','2018-12-20 04:42:49'),(30,'aria','aria@aa.com',500,NULL,'$2y$10$uOnp7tdTZ2vFwX9PjtwN/ue3Nbhy0B3/wFCdtoSrjz0fAV7At92Ge',NULL,NULL,'2018-12-20 01:09:26','2018-12-20 01:09:26'),(31,'aria','aria@a.com',9619,NULL,'$2y$10$wUO2RaH5KVZDrnB1cdI9LuwkN/1zgA779/OqHqMAuTx2yZKv5CF1u',NULL,NULL,'2018-12-20 01:11:28','2018-12-20 02:40:54'),(32,'qq','qq@q.q',420,NULL,'$2y$10$VlFyhPNhX2laq2D0TwITle2NZK/pQovQcZEdQW/jyWGOTKUp./C/u',NULL,NULL,'2018-12-20 02:41:47','2018-12-20 02:48:37'),(33,'popo','popo@popo.com',40,NULL,'$2y$10$VAmawUoXI/QYsNEHyi0OSe/o9SFtjV/8sRdqQGpQ3D52/FRPsyeUu','iEhesmE2KpqgfpCvRC0KegNECmNdF9KnlwkIazK1LCyHRFVWJ0StotikP4fhG22K',NULL,'2018-12-20 06:51:52','2018-12-20 09:57:43'),(34,'NekoRing','neko@gg.com',190,NULL,'$2y$10$mo/yEp4t1f0QHamuNbHXu.w400TQvbkWT3vX39ATl6VoDIIZfm7Xi','gw3PSZktqabKibAvziRSOFmRJPetCk9GAyTCu7NUzfL8uyjpaLQot0Bj9A5YNmUo',NULL,'2018-12-20 06:54:55','2018-12-20 09:38:06'),(35,'p','p@p.p',300,NULL,'$2y$10$fY4d7sAYEA.s0/WAxJlq8.Nyn5seyw.UB51/L9.2Funn6CJZ124ea',NULL,NULL,'2018-12-20 07:13:07','2018-12-20 08:03:47'),(36,'NekoRing','neko2@gg.com',500,NULL,'$2y$10$pTjDIBOY/L3vcilnHn0awOLtzMfjGBuqiUi8feMJLfwM.9xCc8ELC',NULL,NULL,'2018-12-20 07:24:28','2018-12-20 07:27:46'),(37,'a','aaaaaa@b.c',310,NULL,'$2y$10$F9aTTBtEHwejbIFjC7ubwuBSoKYobIZsqGjE0n12IhG3qHYdQ9Aji',NULL,NULL,'2018-12-20 09:41:42','2018-12-20 09:46:34'),(38,'tttt','tttt@tttt.com',190,NULL,'$2y$10$M256ITxS3QlZDxJeAAxUL.Igw52jfqXjwP.E19RO3INt7L257ZGnu','67D7Iqmn6GizHj377F4XZPOQKkh2ZOr21P9HX5XRGMVoUwAWvhHlw5WcLHxnDFVt',NULL,'2018-12-20 10:00:39','2018-12-20 10:01:29');
/*!40000 ALTER TABLE `users` ENABLE KEYS */;
UNLOCK TABLES;
/*!40103 SET TIME_ZONE=@OLD_TIME_ZONE */;

/*!40101 SET SQL_MODE=@OLD_SQL_MODE */;
/*!40014 SET FOREIGN_KEY_CHECKS=@OLD_FOREIGN_KEY_CHECKS */;
/*!40014 SET UNIQUE_CHECKS=@OLD_UNIQUE_CHECKS */;
/*!40101 SET CHARACTER_SET_CLIENT=@OLD_CHARACTER_SET_CLIENT */;
/*!40101 SET CHARACTER_SET_RESULTS=@OLD_CHARACTER_SET_RESULTS */;
/*!40101 SET COLLATION_CONNECTION=@OLD_COLLATION_CONNECTION */;
/*!40111 SET SQL_NOTES=@OLD_SQL_NOTES */;

-- Dump completed on 2018-12-26 15:53:19
